enterprise_number,activity_number,nace_code,classification_code
0400003551,1,43221,MAIN
0400003551,2,41201,SECO
0400003551,3,68311,SECO
0400008697,1,41201,MAIN
0400008697,2,41201,MAIN
0400008697,3,47521,SECO
0400008994,1,43999,MAIN
0400008994,2,23610,MAIN
0400008994,3,46731,SECO
0400008994,4,47521,SECO
0400033047,1,31010,MAIN
0400033047,2,43999,MAIN
0400033047,3,25110,SECO
0400033047,4,25610,SECO
0400033047,5,31010,SECO
0400033047,6,43299,SECO
0400033047,7,43320,SECO
0400063434,1,43343,MAIN
0400063434,2,43343,MAIN
0400071550,1,43222,MAIN
0400071649,1,43320,MAIN
0400071649,2,43390,MAIN
0400071649,3,43320,SECO
0400077686,1,43299,MAIN
0400077686,2,28220,MAIN
0400077686,3,43211,SECO
0400077686,4,43299,SECO
0400078973,1,64200,MAIN
0400078973,2,43390,MAIN
0400078973,3,68201,SECO
0400078973,4,82110,SECO
0400082042,1,42919,MAIN
0400082042,2,42110,MAIN
0400084220,1,43333,MAIN
0400085606,1,70220,MAIN
0400085606,2,41201,MAIN
0400085606,3,70220,SECO
0400089465,1,23190,MAIN
0400089465,2,43999,MAIN
0400089465,3,68201,SECO
0400095801,1,41102,MAIN
0400095801,2,41101,SECO
0400095801,3,41201,SECO
0400095801,4,41202,SECO
0400100848,1,43341,MAIN
0400100848,2,43341,MAIN
0400136876,1,43211,MAIN
0400136876,2,43211,MAIN
0400152615,1,41101,MAIN
0400152615,2,43320,MAIN
0400152615,3,41201,SECO
0400152615,4,41203,SECO
0400152615,5,43120,SECO
0400152615,6,43291,SECO
0400156177,1,43999,MAIN
0400156177,2,43331,MAIN
0400177260,1,43120,MAIN
0400177260,2,43211,MAIN
0400177260,3,24340,SECO
0400289108,1,43343,MAIN
0400289108,2,43343,MAIN
0400289108,3,23110,SECO
0400320384,1,41101,MAIN
0400320384,2,13300,SECO
0400320384,3,14130,SECO
0400348001,1,41101,MAIN
0400359184,1,47591,MAIN
0400359184,2,41101,MAIN
0400359184,3,47591,SECO
0400361263,1,43291,MAIN
0400361263,2,46190,MAIN
0400361263,3,43310,SECO
0400371656,1,41101,MAIN
0400379079,1,42110,MAIN
0400388680,1,50200,MAIN
0400388680,2,42911,MAIN
0400428470,1,41101,MAIN
0400428470,2,68100,SECO
0400428470,3,68201,SECO
0400428470,4,68202,SECO
0400428470,5,73200,SECO
0400443120,1,71111,MAIN
0400443120,2,41201,MAIN
0400443120,3,47592,SECO
0400456184,1,43910,MAIN
0400456184,2,43910,MAIN
0400456184,3,42110,SECO
0400464795,1,41202,MAIN
0400464795,2,41201,MAIN
0400467666,1,43999,MAIN
0400469646,1,28220,MAIN
0400469646,2,43299,MAIN
0400471428,1,41203,MAIN
0400471428,2,41201,MAIN
0400473705,1,42911,MAIN
0400473705,2,42911,MAIN
0400473705,3,64200,SECO
0400475386,1,41201,MAIN
0400481821,1,41202,MAIN
0400481821,2,41201,MAIN
0400481821,3,41203,SECO
0400484591,1,43910,MAIN
0400484591,2,43910,MAIN
0400504288,1,41201,MAIN
0400552788,1,43299,MAIN
0400582581,1,43320,MAIN
0400582581,2,43343,SECO
0400582581,3,43910,SECO
0400695617,1,41201,MAIN
0400695617,2,41203,MAIN
0400695617,3,41201,SECO
0400695617,4,43120,SECO
0400695617,5,71111,SECO
0400840919,1,46392,MAIN
0400840919,2,41101,MAIN
0400840919,3,68100,SECO
0400841909,1,43320,MAIN
0400841909,2,43320,MAIN
0400845669,1,41201,MAIN
0400845669,2,41201,MAIN
0400845669,3,41101,SECO
0400845669,4,43221,SECO
0400845669,5,43310,SECO
0400845669,6,46731,SECO
0400852104,1,43222,MAIN
0400852104,2,43222,MAIN
0400853587,1,43342,MAIN
0400853587,2,43341,MAIN
0400865762,1,43320,MAIN
0400865762,2,43999,MAIN
0400929308,1,41102,MAIN
0400929308,2,41201,SECO
0400929308,3,46731,SECO
0400936236,1,41101,MAIN
0400936236,2,41102,SECO
0400936236,3,41203,SECO
0400936236,4,43110,SECO
0400936236,5,43999,SECO
0400936236,6,70210,SECO
0400936236,7,82990,SECO
0400950389,1,43343,MAIN
0400950389,2,25120,MAIN
0400950389,3,43343,SECO
0400957814,1,43222,MAIN
0400958408,1,41201,MAIN
0400958408,2,46620,SECO
0400958408,3,46731,SECO
0400983152,1,41203,MAIN
0400983152,2,41201,MAIN
0400983152,3,43320,SECO
0400987508,1,41201,MAIN
0401006611,1,41101,MAIN
0401006611,2,41102,SECO
0401006611,3,68100,SECO
0401006611,4,68201,SECO
0401006710,1,43222,MAIN
0401006710,2,43222,MAIN
0401006710,3,43291,SECO
0401006710,4,43910,SECO
0401006710,5,43991,SECO
0401006710,6,46473,SECO
0401006710,7,68100,SECO
0401032048,1,43343,MAIN
0401032048,2,23110,MAIN
0401032048,3,43343,SECO
0401057881,1,43222,MAIN
0401057881,2,43221,MAIN
0401077083,1,41102,MAIN
0401077083,2,28250,SECO
0401077083,3,43291,SECO
0401077182,1,46739,MAIN
0401077182,2,43320,MAIN
0401077182,3,25501,SECO
0401094703,1,41101,MAIN
0401094703,2,68201,SECO
0401103413,1,41101,MAIN
0401118160,1,43343,MAIN
0401118160,2,43343,MAIN
0401155574,1,43120,MAIN
0401155574,2,08111,MAIN
0401155574,3,43120,SECO
0401157059,1,41101,MAIN
0401164284,1,42110,MAIN
0401185367,1,42110,MAIN
0401185367,2,42110,MAIN
0401187644,1,41201,MAIN
0401187644,2,41201,MAIN
0401193879,1,43320,MAIN
0401193879,2,43320,MAIN
0401205955,1,42110,MAIN
0401212289,1,42110,MAIN
0401212289,2,42990,MAIN
0401212289,3,41201,SECO
0401212289,4,43110,SECO
0401212289,5,46731,SECO
0401282169,1,08121,MAIN
0401282169,2,42911,MAIN
0401282367,1,41101,MAIN
0401282367,2,68100,SECO
0401289988,1,43320,MAIN
0401296423,1,42220,MAIN
0401296423,2,42220,MAIN
0401296423,3,23610,SECO
0401302757,1,42110,MAIN
0401302757,2,42110,MAIN
0401302757,3,23990,SECO
0401307608,1,41201,MAIN
0401307608,2,41201,MAIN
0401317407,1,43999,MAIN
0401317407,2,43222,MAIN
0401317407,3,68203,SECO
0401335520,1,42220,MAIN
0401335520,2,43222,MAIN
0401352346,1,42211,MAIN
0401352346,2,43299,MAIN
0401358977,1,43341,MAIN
0401358977,2,43341,MAIN
0401365907,1,41201,MAIN
0401365907,2,46731,SECO
0401365907,3,47521,SECO
0401381149,1,43390,MAIN
0401381149,2,46610,MAIN
0401381149,3,47620,SECO
0401405497,1,46772,MAIN
0401405497,2,43110,MAIN
0401405497,3,46772,SECO
0401405497,4,49410,SECO
0401432718,1,43320,MAIN
0401432718,2,43320,MAIN
0401470231,1,43331,MAIN
0401470231,2,43331,MAIN
0401473793,1,42110,MAIN
0401473793,2,43999,MAIN
0401483394,1,42110,MAIN
0401483394,2,42110,MAIN
0401491710,1,42110,MAIN
0401491710,2,42120,MAIN
0401491710,3,39000,SECO
0401491710,4,42110,SECO
0401491710,5,42130,SECO
0401491710,6,81300,SECO
0401492007,1,41201,MAIN
0401492007,2,16230,SECO
0401492007,3,16291,SECO
0401492007,4,43320,SECO
0401506754,1,41101,MAIN
0401506754,2,41102,SECO
0401506754,3,68201,SECO
0401506754,4,68203,SECO
0401605140,1,42110,MAIN
0401605140,2,42110,MAIN
0401605140,3,43299,SECO
0401607318,1,41201,MAIN
0401607318,2,41201,MAIN
0401636319,1,43110,MAIN
0401636319,2,41201,SECO
0401636319,3,42130,SECO
0401636319,4,43120,SECO
0401636319,5,46710,SECO
0401664033,1,41203,MAIN
0401664033,2,41203,MAIN
0401664033,3,47521,SECO
0401672248,1,47521,MAIN
0401672248,2,43222,MAIN
0401672248,3,43320,SECO
0401672248,4,47592,SECO
0401672248,5,47789,SECO
0401683136,1,43120,MAIN
0401711345,1,43221,MAIN
0401711345,2,43222,MAIN
0401722332,1,43999,MAIN
0401722332,2,43320,MAIN
0401722926,1,41201,MAIN
0401722926,2,68201,MAIN
0401722926,3,41201,SECO
0401722926,4,68203,SECO
0401739950,1,43120,MAIN
0401739950,2,49410,MAIN
0401740742,1,42110,MAIN
0401740742,2,42110,MAIN
0401743217,1,41101,MAIN
0401743217,2,41102,SECO
0401743217,3,68100,SECO
0401743217,4,68201,SECO
0401743217,5,68203,SECO
0401743217,6,68311,SECO
0401818144,1,41203,MAIN
0401818144,2,41201,MAIN
0401818144,3,68100,SECO
0401860013,1,43211,MAIN
0401860013,2,43211,MAIN
0401869713,1,43222,MAIN
0401869713,2,46742,MAIN
0401869713,3,43222,SECO
0401901286,1,41201,MAIN
0401901286,2,41202,SECO
0401901286,3,41203,SECO
0401902177,1,43211,MAIN
0401902177,2,26300,MAIN
0401902177,3,46900,SECO
0401903959,1,43222,MAIN
0401903959,2,43222,MAIN
0401962753,1,43910,MAIN
0401962753,2,43291,MAIN
0401962753,3,43320,SECO
0401962753,4,43910,SECO
0401966317,1,41102,MAIN
0401966317,2,68203,MAIN
0401966317,3,68201,SECO
0401998979,1,41101,MAIN
0402010164,1,41201,MAIN
0402031346,1,43211,MAIN
0402031346,2,27120,MAIN
0402035997,1,43332,MAIN
0402035997,2,43332,MAIN
0402037086,1,43999,MAIN
0402037086,2,25120,MAIN
0402043224,1,43320,MAIN
0402043224,2,16230,MAIN
0402052231,1,43333,MAIN
0402052231,2,43999,MAIN
0402052825,1,23700,MAIN
0402052825,2,43331,MAIN
0402052825,3,23700,SECO
0402054409,1,41201,MAIN
0402054409,2,43999,MAIN
0402054409,3,41201,SECO
0402141412,1,41101,MAIN
0402141412,2,41102,SECO
0402146162,1,43995,MAIN
0402146162,2,43310,SECO
0402146162,3,43341,SECO
0402146162,4,43390,SECO
0402193573,1,41101,MAIN
0402210795,1,41101,MAIN
0402210795,2,68201,SECO
0402273351,1,43910,MAIN
0402273351,2,43910,MAIN
0402273351,3,43221,SECO
0402273351,4,43291,SECO
0402309775,1,42110,MAIN
0402309775,2,42110,MAIN
0402309775,3,43120,SECO
0402309775,4,43999,SECO
0402355010,1,46739,MAIN
0402355010,2,43999,MAIN
0402355010,3,26300,SECO
0402355010,4,46739,SECO
0402355010,5,68311,SECO
0402375301,1,41201,MAIN
0402375301,2,41201,MAIN
0402375301,3,41203,SECO
0402375301,4,46731,SECO
0402387573,1,41203,MAIN
0402387573,2,43999,MAIN
0402404104,1,42110,MAIN
0402404104,2,42110,MAIN
0402408359,1,41101,MAIN
0402421326,1,41201,MAIN
0402443595,1,41203,MAIN
0402443595,2,41203,MAIN
0402443595,3,41201,SECO
0402458344,1,43222,MAIN
0402458344,2,43222,MAIN
0402458344,3,25110,SECO
0402458344,4,47521,SECO
0402508428,1,28250,MAIN
0402508428,2,43222,MAIN
0402508428,3,43221,SECO
0402528323,1,41201,MAIN
0402528323,2,41201,MAIN
0402528323,3,25110,SECO
0402528323,4,33150,SECO
0402528323,5,42919,SECO
0402528323,6,43299,SECO
0402557027,1,42110,MAIN
0402557027,2,41203,SECO
0402557027,3,42220,SECO
0402559502,1,42110,MAIN
0402559502,2,42110,MAIN
0402559502,3,42220,SECO
0402559502,4,43999,SECO
0402570982,1,43910,MAIN
0402570982,2,25120,MAIN
0402570982,3,43910,SECO
0402570982,4,46900,SECO
0402570982,5,47781,SECO
0402570982,6,49410,SECO
0402604141,1,43291,MAIN
0402733112,1,41101,MAIN
0402754391,1,41101,MAIN
0402754391,2,68311,SECO
0402755381,1,41203,MAIN
0402755381,2,16210,MAIN
0402755381,3,41201,SECO
0402755381,4,43120,SECO
0402755381,5,43291,SECO
0402755381,6,43343,SECO
0402755381,7,43910,SECO
0402771813,1,41201,MAIN
0402771813,2,41101,MAIN
0402771813,3,41102,SECO
0402771813,4,41201,SECO
0402771813,5,43999,SECO
0402784778,1,42110,MAIN
0402784778,2,42110,MAIN
0402906029,1,41101,MAIN
0402906029,2,68201,SECO
0402935030,1,41101,MAIN
0402935030,2,41102,MAIN
0402937802,1,28990,MAIN
0402937802,2,41101,MAIN
0402937802,3,46630,SECO
0402938196,1,46731,MAIN
0402938196,2,43222,MAIN
0402940077,1,43222,MAIN
0402940077,2,96012,SECO
0402940869,1,43222,MAIN
0402940869,2,43222,MAIN
0402943740,1,43222,MAIN
0402943740,2,46431,SECO
0402969474,1,43222,MAIN
0402969474,2,43222,MAIN
0402969474,3,33110,SECO
0402969474,4,33200,SECO
0402969474,5,43221,SECO
0402973335,1,41201,MAIN
0402973335,2,41201,MAIN
0402973335,3,41203,SECO
0402981946,1,46742,MAIN
0402981946,2,43222,MAIN
0402982936,1,68203,MAIN
0402982936,2,41101,MAIN
0402982936,3,41102,SECO
0403111313,1,43211,MAIN
0403111313,2,26300,MAIN
0403144074,1,43222,MAIN
0403144074,2,46140,SECO
0403144074,3,46693,SECO
0403217419,1,41101,MAIN
0403217419,2,68311,SECO
0403219595,1,41101,MAIN
0403219595,2,73200,SECO
0403263444,1,41102,MAIN
0403263444,2,68203,MAIN
0403263444,3,56101,SECO
0403263444,4,56102,SECO
0403263444,5,68311,SECO
0403272154,1,64921,MAIN
0403272154,2,41101,MAIN
0403272154,3,66199,SECO
0403306501,1,41101,MAIN
0403306501,2,41102,SECO
0403306501,3,68100,SECO
0403306501,4,68201,SECO
0403306501,5,68203,SECO
0403306501,6,68311,SECO
0403344311,1,43211,MAIN
0403344311,2,42220,SECO
0403353120,1,41101,MAIN
0403353120,2,41101,MAIN
0403353912,1,41101,MAIN
0403361434,1,41101,MAIN
0403361434,2,68311,SECO
0403426265,1,41201,MAIN
0403426265,2,68201,SECO
0403598786,1,42110,MAIN
0403598786,2,23690,MAIN
0403600172,1,43222,MAIN
0403600172,2,46731,SECO
0403649563,1,46742,MAIN
0403649563,2,43222,MAIN
0403661144,1,43320,MAIN
0403661144,2,43320,MAIN
0403661144,3,46741,SECO
0403664312,1,42130,MAIN
0403664312,2,42130,MAIN
0403664312,3,43130,SECO
0403664312,4,71209,SECO
0403676881,1,42110,MAIN
0403676881,2,42110,MAIN
0403704496,1,42919,MAIN
0403704496,2,33150,SECO
0403704496,3,42220,SECO
0403704496,4,43110,SECO
0403705486,1,43999,MAIN
0403705486,2,43991,MAIN
0403705486,3,41101,SECO
0403705486,4,43291,SECO
0403705486,5,43341,SECO
0403705486,6,43992,SECO
0403709149,1,41201,MAIN
0403709149,2,41201,MAIN
0403720433,1,41201,MAIN
0403720433,2,43120,MAIN
0403749434,1,41203,MAIN
0403749434,2,41201,MAIN
0403750226,1,43999,MAIN
0403750226,2,41101,MAIN
0403750226,3,47521,SECO
0403792093,1,41203,MAIN
0403792093,2,41201,MAIN
0403800508,1,41201,MAIN
0403800508,2,46732,SECO
0403800508,3,47521,SECO
0403813275,1,43120,MAIN
0403813275,2,43120,MAIN
0403813275,3,39000,SECO
0403813275,4,42212,SECO
0403813275,5,42919,SECO
0403813275,6,43110,SECO
0403827529,1,41203,MAIN
0403827529,2,41201,MAIN
0403827529,3,68311,SECO
0403829608,1,41201,MAIN
0403829707,1,41203,MAIN
0403829707,2,41201,MAIN
0403829707,3,43120,SECO
0403829707,4,43320,SECO
0403847919,1,42110,MAIN
0403847919,2,42110,MAIN
0403847919,3,43331,SECO
0403855243,1,42110,MAIN
0403855243,2,23690,SECO
0403866032,1,41201,MAIN
0403866032,2,41201,MAIN
0403868408,1,41203,MAIN
0403868408,2,41201,MAIN
0403877415,1,43120,MAIN
0403877415,2,42110,MAIN
0403877415,3,43120,SECO
0403877415,4,49410,SECO
0403907307,1,41202,MAIN
0403907307,2,41201,MAIN
0403926905,1,43320,MAIN
0403926905,2,43320,MAIN
0403930566,1,43341,MAIN
0403930566,2,43333,MAIN
0403930566,3,31091,SECO
0403955510,1,46710,MAIN
0403955510,2,41101,MAIN
0403955906,1,43320,MAIN
0403955906,2,43320,MAIN
0403966495,1,43341,MAIN
0403966495,2,43341,MAIN
0403977284,1,43341,MAIN
0403977284,2,43342,MAIN
0403977284,3,41201,SECO
0403977284,4,43310,SECO
0403977284,5,43331,SECO
0403977284,6,43343,SECO
0403977284,7,46731,SECO
0403977284,8,47521,SECO
0404000446,1,43291,MAIN
0404000446,2,43299,MAIN
0404000446,3,43291,SECO
0404000446,4,43341,SECO
0404000446,5,43999,SECO
0404008958,1,42110,MAIN
0404008958,2,42110,MAIN
0404032219,1,43999,MAIN
0404032219,2,77320,MAIN
0404032219,3,43999,SECO
0404032219,4,45193,SECO
0404039048,1,41201,MAIN
0404059438,1,43320,MAIN
0404059438,2,43320,MAIN
0404065772,1,41101,MAIN
0404065772,2,68100,MAIN
0404065772,3,41101,SECO
0404114173,1,41201,MAIN
0404114173,2,41201,MAIN
0404114866,1,43343,MAIN
0404114866,2,43343,MAIN
0404114866,3,43390,SECO
0404121103,1,43910,MAIN
0404121103,2,43910,MAIN
0404157725,1,41201,MAIN
0404157725,2,41201,MAIN
0404157725,3,43320,SECO
0404157725,4,47521,SECO
0404174551,1,47521,MAIN
0404174551,2,43331,MAIN
0404174551,3,47530,SECO
0404175937,1,43320,MAIN
0404175937,2,41201,MAIN
0404202760,1,41203,MAIN
0404206225,1,42110,MAIN
0404206225,2,42110,MAIN
0404207116,1,41203,MAIN
0404207116,2,41203,MAIN
0404207116,3,35120,SECO
0404207116,4,35140,SECO
0404207116,5,41101,SECO
0404207116,6,41102,SECO
0404207116,7,43320,SECO
0404207116,8,68100,SECO
0404219586,1,42919,MAIN
0404219586,2,46769,MAIN
0404219586,3,42130,SECO
0404219586,4,42911,SECO
0404219586,5,49410,SECO
0404237107,1,41201,MAIN
0404237107,2,41101,MAIN
0404257990,1,42211,MAIN
0404257990,2,42220,MAIN
0404257990,3,41201,SECO
0404257990,4,42130,SECO
0404257990,5,43221,SECO
0404262049,1,43999,MAIN
0404262049,2,77320,MAIN
0404262049,3,77399,SECO
0404279568,1,43341,MAIN
0404279568,2,43341,MAIN
0404279568,3,46442,SECO
0404280459,1,43995,MAIN
0404280459,2,43999,MAIN
0404297978,1,43999,MAIN
0404297978,2,43999,MAIN
0404297978,3,43291,SECO
0404298077,1,46731,MAIN
0404298077,2,43299,MAIN
0404298077,3,41201,SECO
0404298077,4,70220,SECO
0404339649,1,43390,MAIN
0404339649,2,47521,MAIN
0404339649,3,43341,SECO
0404357762,1,43211,MAIN
0404357762,2,43211,MAIN
0404357762,3,47540,SECO
0404358950,1,41201,MAIN
0404358950,2,41201,MAIN
0404358950,3,42220,SECO
0404358950,4,43310,SECO
0404358950,5,43320,SECO
0404358950,6,43331,SECO
0404362118,1,42110,MAIN
0404362118,2,42110,MAIN
0404362118,3,23630,SECO
0404362118,4,41201,SECO
0404364096,1,42110,MAIN
0404364096,2,42110,MAIN
0404364096,3,49410,SECO
0404366571,1,42110,MAIN
0404366571,2,42110,MAIN
0404368155,1,43999,MAIN
0404368155,2,16230,SECO
0404368155,3,43222,SECO
0404368155,4,47591,SECO
0404399037,1,68100,MAIN
0404399037,2,41102,MAIN
0404399037,3,09900,SECO
0404399037,4,41101,SECO
0404399037,5,68201,SECO
0404399037,6,68203,SECO
0404399037,7,68204,SECO
0404399235,1,41101,MAIN
0404399235,2,47781,SECO
0404399235,3,68321,SECO
0404407846,1,71121,MAIN
0404407846,2,42919,MAIN
0404407846,3,43222,SECO
0404418437,1,43320,MAIN
0404418437,2,23610,MAIN
0404418437,3,31091,SECO
0404420813,1,41101,MAIN
0404420813,2,02200,SECO
0404421704,1,42220,MAIN
0404421704,2,42220,MAIN
0404421704,3,43211,SECO
0404421704,4,43999,SECO
0404466343,1,43910,MAIN
0404466343,2,43910,MAIN
0404599272,1,42220,MAIN
0404599272,2,42220,MAIN
0404599272,3,47781,SECO
0404599272,4,52249,SECO
0404612734,1,41101,MAIN
0404626095,1,46693,MAIN
0404626095,2,43222,MAIN
0404627679,1,42220,MAIN
0404627679,2,42220,MAIN
0404627679,3,41201,SECO
0404627679,4,41203,SECO
0404627679,5,43211,SECO
0404627679,6,46731,SECO
0404627679,7,49410,SECO
0404634015,1,43999,MAIN
0404634015,2,23610,MAIN
0404634015,3,43999,SECO
0404636389,1,33200,MAIN
0404636389,2,43211,MAIN
0404636389,3,46693,SECO
0404637280,1,42219,MAIN
0404637280,2,42919,MAIN
0404637280,3,31010,SECO
0404637280,4,42130,SECO
0404640250,1,68201,MAIN
0404640250,2,41101,MAIN
0404640250,3,41201,SECO
0404640646,1,41101,MAIN
0404640646,2,16100,SECO
0404640646,3,46732,SECO
0404641636,1,62010,MAIN
0404641636,2,43211,MAIN
0404641636,3,46900,SECO
0404641636,4,62010,SECO
0404641636,5,62020,SECO
0404641636,6,80200,SECO
0404646287,1,42919,MAIN
0404646287,2,42919,MAIN
0404652227,1,43332,MAIN
0404652227,2,43333,MAIN
0404652227,3,43331,SECO
0404652227,4,47530,SECO
0404657571,1,43999,MAIN
0404657571,2,43999,MAIN
0404662323,1,42110,MAIN
0404662323,2,42110,MAIN
0404662323,3,43110,SECO
0404667766,1,43291,MAIN
0404667766,2,43291,MAIN
0404667766,3,46731,SECO
0404671528,1,43222,MAIN
0404671528,2,43222,MAIN
0404674003,1,41201,MAIN
0404674003,2,68203,SECO
0404678159,1,43221,MAIN
0404678357,1,41203,MAIN
0404678357,2,41201,MAIN
0404678357,3,68100,SECO
0404688255,1,41201,MAIN
0404712209,1,41101,MAIN
0404729827,1,41101,MAIN
0404779317,1,41102,MAIN
0404779317,2,71121,MAIN
0404779317,3,41203,SECO
0404779317,4,52241,SECO
0404837814,1,41101,MAIN
0404837814,2,82990,MAIN
0404837814,3,64200,SECO
0404837814,4,68201,SECO
0404941643,1,41101,MAIN
0404982621,1,42120,MAIN
0404982621,2,42110,MAIN
0404982621,3,46900,SECO
0405011226,1,41201,MAIN
0405013602,1,41203,MAIN
0405013602,2,41201,MAIN
0405033101,1,42919,MAIN
0405033101,2,42919,MAIN
0405034881,1,41203,MAIN
0405034881,2,41101,MAIN
0405034881,3,41201,SECO
0405062991,1,43221,MAIN
0405062991,2,47592,SECO
0405070119,1,41203,MAIN
0405070119,2,41201,MAIN
0405073285,1,41201,MAIN
0405073285,2,41203,MAIN
0405079225,1,41203,MAIN
0405079225,2,41201,MAIN
0405092190,1,42110,MAIN
0405092190,2,42110,MAIN
0405096150,1,41203,MAIN
0405096150,2,43999,MAIN
0405103672,1,41101,MAIN
0405103672,2,68100,MAIN
0405103672,3,41101,SECO
0405103672,4,41102,SECO
0405122775,1,42220,MAIN
0405122775,2,42220,MAIN
0405150291,1,41101,MAIN
0405152073,1,41101,MAIN
0405152073,2,41102,SECO
0405152073,3,56290,SECO
0405152073,4,68100,SECO
0405152073,5,68201,SECO
0405152073,6,68203,SECO
0405176027,1,41201,MAIN
0405176027,2,43320,MAIN
0405176027,3,41201,SECO
0405181965,1,42110,MAIN
0405184836,1,43320,MAIN
0405190378,1,93110,MAIN
0405190378,2,41101,MAIN
0405190378,3,41201,SECO
0405190378,4,93292,SECO
0405197902,1,42110,MAIN
0405197902,2,42110,MAIN
0405226111,1,41101,MAIN
0405248182,1,43320,MAIN
0405248182,2,41201,MAIN
0405248182,3,68201,SECO
0405248182,4,68203,SECO
0405250459,1,43320,MAIN
0405255310,1,43999,MAIN
0405255310,2,49410,MAIN
0405262931,1,42110,MAIN
0405262931,2,43120,MAIN
0405262931,3,49410,SECO
0405262931,4,77320,SECO
0405265208,1,43211,MAIN
0405265208,2,43211,MAIN
0405265208,3,33150,SECO
0405265208,4,42220,SECO
0405265208,5,43341,SECO
0405273819,1,41101,MAIN
0405291734,1,42130,MAIN
0405291734,2,43999,MAIN
0405291734,3,42130,SECO
0405291734,4,42919,SECO
0405291734,5,43120,SECO
0405299355,1,41201,MAIN
0405299355,2,41201,MAIN
0405299355,3,41101,SECO
0405299355,4,41102,SECO
0405299355,5,41203,SECO
0405299355,6,42990,SECO
0405299355,7,43390,SECO
0405299355,8,43995,SECO
0405299355,9,68311,SECO
0405387150,1,42110,MAIN
0405387150,2,81300,MAIN
0405387150,3,42990,SECO
0405387150,4,43994,SECO
0405387150,5,43999,SECO
0405390912,1,41101,MAIN
0405390912,2,23310,SECO
0405403184,1,43320,MAIN
0405403184,2,41201,MAIN
0405403184,3,31091,SECO
0405403184,4,43320,SECO
0405418725,1,41201,MAIN
0405418725,2,82110,SECO
0405418725,3,70220,SECO
0405418725,4,70210,SECO
0405418725,5,70100,SECO
0405418725,6,68201,SECO
0405418725,7,68100,SECO
0405418725,8,64200,SECO
0405418725,9,41101,SECO
0405418725,10,82990,SECO
0405428326,1,43221,MAIN
0405428326,2,43211,MAIN
0405428326,3,43222,SECO
0405434165,1,28990,MAIN
0405434165,2,43320,MAIN
0405435056,1,42110,MAIN
0405435056,2,42110,MAIN
0405455644,1,42110,MAIN
0405455644,2,42110,MAIN
0405456337,1,41201,MAIN
0405456337,2,46731,SECO
0405461384,1,43222,MAIN
0405461384,2,47592,SECO
0405469304,1,42110,MAIN
0405469304,2,42110,MAIN
0405470490,1,41201,MAIN
0405470490,2,31020,SECO
0405470490,3,41101,SECO
0405470490,4,42130,SECO
0405470490,5,43331,SECO
0405470490,6,43390,SECO
0405474846,1,43996,MAIN
0405474846,2,41201,MAIN
0405512062,1,41201,MAIN
0405512062,2,41201,MAIN
0405512062,3,46731,SECO
0405523346,1,47529,MAIN
0405523346,2,43999,MAIN
0405523346,3,47529,SECO
0405524732,1,42110,MAIN
0405524732,2,23610,SECO
0405545815,1,41201,MAIN
0405551258,1,43999,MAIN
0405559572,1,41101,MAIN
0405559572,2,41101,MAIN
0405566896,1,43222,MAIN
0405566896,2,43222,MAIN
0405566896,3,43211,SECO
0405566896,4,43221,SECO
0405580655,1,41101,MAIN
0405580655,2,70100,MAIN
0405580655,3,68100,SECO
0405590256,1,41203,MAIN
0405590256,2,41201,MAIN
0405598174,1,41101,MAIN
0405598174,2,41201,SECO
0405619851,1,42990,MAIN
0405619851,2,42110,MAIN
0405628759,1,43320,MAIN
0405628759,2,25110,MAIN
0405628759,3,16230,SECO
0405628759,4,43320,SECO
0405628759,5,45111,SECO
0405645585,1,95290,MAIN
0405645585,2,43222,MAIN
0405645585,3,95290,SECO
0405652020,1,43999,MAIN
0405652020,2,43120,MAIN
0405654592,1,41203,MAIN
0405654592,2,41201,MAIN
0405654592,3,43999,SECO
0405694085,1,41101,MAIN
0405694085,2,68100,SECO
0405705864,1,41203,MAIN
0405705864,2,41201,MAIN
0405708636,1,41101,MAIN
0405708636,2,41102,SECO
0405708636,3,64200,SECO
0405708636,4,68100,SECO
0405708636,5,68204,SECO
0405767232,1,41101,MAIN
0405767232,2,41102,SECO
0405780593,1,43222,MAIN
0405780593,2,43222,MAIN
0405791778,1,42110,MAIN
0405791778,2,42110,MAIN
0405800983,1,41203,MAIN
0405800983,2,41203,MAIN
0405817217,1,42110,MAIN
0405817217,2,42110,MAIN
0405817217,3,41201,SECO
0405817217,4,42212,SECO
0405817217,5,42219,SECO
0405829588,1,41203,MAIN
0405829588,2,41201,MAIN
0405832657,1,43221,MAIN
0405832657,2,43221,MAIN
0405832657,3,47527,SECO
0405834142,1,42211,MAIN
0405834142,2,42220,MAIN
0405834142,3,42919,SECO
0405834142,4,43299,SECO
0405845822,1,46697,MAIN
0405845822,2,43222,MAIN
0405848691,1,43320,MAIN
0405848691,2,25120,MAIN
0405854631,1,42110,MAIN
0405854631,2,41201,MAIN
0405854631,3,08111,SECO
0405854631,4,41203,SECO
0405854631,5,42110,SECO
0405856512,1,43120,MAIN
0405869378,1,42110,MAIN
0405869378,2,23630,SECO
0405904418,1,41201,MAIN
0405904418,2,41101,SECO
0405904418,3,68100,SECO
0405925697,1,43222,MAIN
0405925697,2,43222,MAIN
0405925697,3,43221,SECO
0405925697,4,47521,SECO
0405966675,1,68311,MAIN
0405966675,2,41101,MAIN
0405997458,1,71121,MAIN
0405997458,2,42220,MAIN
0406041406,1,42919,MAIN
0406041406,2,42911,MAIN
0406041406,3,42110,SECO
0406041406,4,42919,SECO
0406041406,5,43390,SECO
0406075058,1,41201,MAIN
0406075058,2,41201,MAIN
0406075058,3,46731,SECO
0406075058,4,68100,SECO
0406075058,5,68311,SECO
0406085451,1,42110,MAIN
0406085451,2,49410,MAIN
0406085451,3,42110,SECO
0406085451,4,43120,SECO
0406085451,5,46731,SECO
0406085451,6,77320,SECO
0406101782,1,41203,MAIN
0406101782,2,43910,MAIN
0406101782,3,43999,SECO
0406122865,1,43910,MAIN
0406122865,2,43910,MAIN
0406122865,3,46731,SECO
0406175721,1,25110,MAIN
0406175721,2,43999,MAIN
0406175721,3,13921,SECO
0406175721,4,25501,SECO
0406175721,5,35110,SECO
0406175721,6,43320,SECO
0406177404,1,42110,MAIN
0406177404,2,41201,SECO
0406196309,1,68201,MAIN
0406196309,2,41201,MAIN
0406196309,3,41101,SECO
0406196309,4,41203,SECO
0406196309,5,68311,SECO
0406204821,1,41201,MAIN
0406211155,1,41101,MAIN
0406211155,2,41102,SECO
0406219766,1,41101,MAIN
0406229268,1,42220,MAIN
0406229268,2,41201,MAIN
0406229268,3,42220,SECO
0406229268,4,43390,SECO
0406229268,5,43999,SECO
0406258071,1,41201,MAIN
0406258071,2,41201,MAIN
0406258071,3,68311,SECO
0406258269,1,41203,MAIN
0406258269,2,41201,MAIN
0406258269,3,25110,SECO
0406258269,4,43120,SECO
0406258269,5,43999,SECO
0406258269,6,91030,SECO
0406282223,1,41201,MAIN
0406282223,2,41201,MAIN
0406301029,1,41101,MAIN
0406317459,1,43910,MAIN
0406317459,2,43910,MAIN
0406317459,3,52100,SECO
0406325674,1,42110,MAIN
0406325674,2,43120,MAIN
0406412083,1,42110,MAIN
0406412083,2,42110,MAIN
0406412083,3,42130,SECO
0406419112,1,43211,MAIN
0406419112,2,43211,MAIN
0406425248,1,43910,MAIN
0406425248,2,43910,MAIN
0406425248,3,43310,SECO
0406425248,4,46731,SECO
0406428317,1,47530,MAIN
0406428317,2,43341,MAIN
0406443757,1,41201,MAIN
0406443757,2,41201,MAIN
0406443757,3,70100,SECO
0406457615,1,68311,MAIN
0406457615,2,41201,MAIN
0406500274,1,41201,MAIN
0406501264,1,28250,MAIN
0406501264,2,43291,MAIN
0406501264,3,43222,SECO
0406534225,1,43320,MAIN
0406534225,2,25120,MAIN
0406587475,1,41201,MAIN
0406587475,2,41203,SECO
0406696254,1,47529,MAIN
0406696254,2,43222,MAIN
0406696254,3,47592,SECO
0406707241,1,41201,MAIN
0406707241,2,41203,MAIN
0406707241,3,41201,SECO
0406718327,1,41201,MAIN
0406721889,1,43222,MAIN
0406721889,2,43222,MAIN
0406723374,1,43222,MAIN
0406723374,2,43222,MAIN
0406745447,1,41201,MAIN
0406745447,2,43995,MAIN
0406750692,1,43291,MAIN
0406750692,2,43291,MAIN
0406750692,3,46731,SECO
0406754652,1,43320,MAIN
0406754652,2,22230,SECO
0406761382,1,47540,MAIN
0406761382,2,43320,MAIN
0406761382,3,47192,SECO
0406761382,4,47521,SECO
0406761382,5,47540,SECO
0406761382,6,47591,SECO
0406761382,7,68203,SECO
0406768015,1,43320,MAIN
0406770389,1,41201,MAIN
0406798697,1,43999,MAIN
0406798697,2,49410,MAIN
0406798697,3,43110,SECO
0406857293,1,43299,MAIN
0406914703,1,43211,MAIN
0406914703,2,43211,MAIN
0406914703,3,42220,SECO
0406914703,4,77310,SECO
0406922918,1,42110,MAIN
0406922918,2,42110,MAIN
0406933212,1,43320,MAIN
0406933212,2,43299,MAIN
0406947761,1,43222,MAIN
0406947761,2,43222,MAIN
0406947761,3,46742,SECO
0406947761,4,71121,SECO
0406956768,1,43120,MAIN
0406956768,2,43120,MAIN
0406956768,3,35220,SECO
0406956768,4,35300,SECO
0406956768,5,47521,SECO
0406956768,6,77291,SECO
0407016948,1,43211,MAIN
0407016948,2,43211,MAIN
0407016948,3,42220,SECO
0407016948,4,43222,SECO
0407016948,5,49420,SECO
0407022391,1,41201,MAIN
0407034764,1,42110,MAIN
0407034764,2,81300,MAIN
0407034764,3,01610,SECO
0407034764,4,02100,SECO
0407034764,5,02400,SECO
0407034764,6,42110,SECO
0407034764,7,42919,SECO
0407034764,8,43999,SECO
0407100981,1,47540,MAIN
0407100981,2,43390,MAIN
0407100981,3,46731,SECO
0407100981,4,47592,SECO
0407100981,5,68201,SECO
0407117809,1,43222,MAIN
0407117809,2,43222,MAIN
0407117809,3,46494,SECO
0407131071,1,41201,MAIN
0407159577,1,41201,MAIN
0407176801,1,43222,MAIN
0407176801,2,43222,MAIN
0407178680,1,43211,MAIN
0407178680,2,43211,MAIN
0407187291,1,43222,MAIN
0407187291,2,43222,MAIN
0407194518,1,41101,MAIN
0407194518,2,68100,SECO
0407202931,1,43222,MAIN
0407202931,2,43222,MAIN
0407204713,1,25120,MAIN
0407204713,2,41201,MAIN
0407209166,1,41101,MAIN
0407209166,2,41102,SECO
0407209166,3,68201,SECO
0407326358,1,43120,MAIN
0407326358,2,45113,SECO
0407326358,3,49410,SECO
0407423160,1,25120,MAIN
0407423160,2,43120,MAIN
0407423160,3,42130,SECO
0407423160,4,43222,SECO
0407423160,5,66199,SECO
0407423160,6,68203,SECO
0407549755,1,41101,MAIN
0407549755,2,23321,SECO
0407549755,3,41102,SECO
0407549755,4,47521,SECO
0407549854,1,42110,MAIN
0407549854,2,43120,MAIN
0407549854,3,41201,SECO
0407549854,4,77320,SECO
0407568561,1,41201,MAIN
0407568561,2,41201,MAIN
0407647547,1,47540,MAIN
0407647547,2,43222,MAIN
0407647547,3,43999,SECO
0407651804,1,43331,MAIN
0407651804,2,46731,MAIN
0407651804,3,41201,SECO
0407686347,1,41101,MAIN
0407715843,1,47540,MAIN
0407715843,2,41101,MAIN
0407715843,3,68100,SECO
0407715843,4,68201,SECO
0407716734,1,43999,MAIN
0407716734,2,43110,MAIN
0407733461,1,43222,MAIN
0407733461,2,96040,SECO
0407741478,1,42990,MAIN
0407741478,2,77320,MAIN
0407741478,3,25110,SECO
0407741478,4,41101,SECO
0407741478,5,41102,SECO
0407741478,6,43110,SECO
0407741478,7,43120,SECO
0407741478,8,43320,SECO
0407861937,1,42110,MAIN
0407861937,2,42110,MAIN
0407861937,3,93110,SECO
0407924986,1,41203,MAIN
0407924986,2,41201,MAIN
0407924986,3,42110,SECO
0407924986,4,42911,SECO
0407924986,5,43120,SECO
0407924986,6,43320,SECO
0407924986,7,68100,SECO
0407975466,1,42110,MAIN
0407975466,2,42110,MAIN
0407975466,3,41201,SECO
0407975466,4,42130,SECO
0407980317,1,41201,MAIN
0407980317,2,41201,MAIN
0407980713,1,41203,MAIN
0408062172,1,41203,MAIN
0408062172,2,42110,MAIN
0408062172,3,41201,SECO
0408062172,4,41203,SECO
0408062172,5,42990,SECO
0408064350,1,43222,MAIN
0408064350,2,28250,MAIN
0408064350,3,41201,SECO
0408064350,4,43211,SECO
0408064350,5,43221,SECO
0408064350,6,43222,SECO
0408065835,1,43310,MAIN
0408065835,2,43310,MAIN
0408075436,1,43211,MAIN
0408075436,2,32990,MAIN
0408075436,3,26300,SECO
0408075436,4,33200,SECO
0408075436,5,43211,SECO
0408075436,6,46425,SECO
0408075436,7,46741,SECO
0408161350,1,41201,MAIN
0408161350,2,66220,SECO
0408161350,3,68201,SECO
0408188569,1,43320,MAIN
0408188569,2,47591,MAIN
0408188569,3,43320,SECO
0408188569,4,47761,SECO
0408188569,5,96031,SECO
0408224993,1,41203,MAIN
0408224993,2,41201,MAIN
0408224993,3,42110,SECO
0408224993,4,43221,SECO
0408224993,5,43331,SECO
0408242910,1,43341,MAIN
0408268644,1,77320,MAIN
0408268644,2,41201,MAIN
0408268644,3,23630,SECO
0408350895,1,42110,MAIN
0408350895,2,42110,MAIN
0408350895,3,42212,SECO
0408350895,4,42919,SECO
0408350895,5,81300,SECO
0408389992,1,41201,MAIN
0408394645,1,43320,MAIN
0408394645,2,25120,MAIN
0408394645,3,22230,SECO
0408394645,4,43343,SECO
0408394744,1,24420,MAIN
0408394744,2,43320,MAIN
0408394744,3,24100,SECO
0408394744,4,25120,SECO
0408394744,5,41201,SECO
0408394744,6,43291,SECO
0408394744,7,46190,SECO
0408394744,8,70220,SECO
0408411372,1,43320,MAIN
0408411372,2,43320,MAIN
0408411372,3,41201,SECO
0408442848,1,43130,MAIN
0408442848,2,71209,MAIN
0408443145,1,43320,MAIN
0408443145,2,43320,MAIN
0408443145,3,41201,SECO
0408465614,1,43333,MAIN
0408465614,2,43341,SECO
0408470760,1,41101,MAIN
0408470760,2,68201,SECO
0408470760,3,68203,SECO
0411092334,1,43211,MAIN
0411092334,2,46731,SECO
0411092334,3,47521,SECO
0411114110,1,43341,MAIN
0411114110,2,43341,MAIN
0411509533,1,43211,MAIN
0411509533,2,77399,MAIN
0411509533,3,43211,SECO
0411509533,4,77292,SECO
0411516065,1,41201,MAIN
0411516065,2,49410,SECO
0411516758,1,42110,MAIN
0411516758,2,46731,MAIN
0411516758,3,43110,SECO
0411516758,4,43120,SECO
0411524973,1,42110,MAIN
0411524973,2,42110,MAIN
0411524973,3,42220,SECO
0411555360,1,43120,MAIN
0411556053,1,43999,MAIN
0411556053,2,68203,SECO
0411556053,3,68311,SECO
0411577631,1,41201,MAIN
0411577631,2,41201,MAIN
0411578522,1,41102,MAIN
0411578522,2,68311,MAIN
0411581985,1,41101,MAIN
0411584262,1,43999,MAIN
0411584262,2,41201,SECO
0411584262,3,43211,SECO
0411592477,1,41101,MAIN
0411621775,1,41101,MAIN
0411621775,2,64200,SECO
0411621775,3,68201,SECO
0411630683,1,41203,MAIN
0411630683,2,41203,MAIN
0411668196,1,41201,MAIN
0411668196,2,41201,MAIN
0411668196,3,43110,SECO
0411680668,1,41201,MAIN
0411680668,2,41201,MAIN
0411879816,1,42110,MAIN
0411879816,2,42110,MAIN
0411906045,1,46499,MAIN
0411906045,2,43299,MAIN
0411906045,3,43211,SECO
0411920396,1,46742,MAIN
0411920396,2,43221,MAIN
0411927821,1,43320,MAIN
0411927821,2,43320,MAIN
0411960483,1,43999,MAIN
0411960483,2,41203,MAIN
0411960483,3,77320,SECO
0411961473,1,43320,MAIN
0411961473,2,43320,MAIN
0411969490,1,25300,MAIN
0411969490,2,43222,MAIN
0411979487,1,41203,MAIN
0411979487,2,41203,MAIN
0411979487,3,25110,SECO
0411979487,4,77320,SECO
0412003045,1,43310,MAIN
0412003045,2,43390,MAIN
0412003045,3,41201,SECO
0412003045,4,43320,SECO
0412012151,1,41201,MAIN
0412012151,2,41203,SECO
0412016111,1,43221,MAIN
0412016111,2,47592,SECO
0412016111,3,95210,SECO
0412042241,1,41101,MAIN
0412042241,2,41102,SECO
0412042241,3,47592,SECO
0412042241,4,68203,SECO
0412059859,1,23190,MAIN
0412059859,2,43299,MAIN
0412068173,1,41203,MAIN
0412068173,2,41101,MAIN
0412100639,1,43999,MAIN
0412100639,2,41201,MAIN
0412100639,3,47591,SECO
0412137756,1,41201,MAIN
0412137756,2,41101,MAIN
0412138944,1,41101,MAIN
0412379860,1,41203,MAIN
0412379860,2,41102,MAIN
0412379860,3,41201,SECO
0412384216,1,43110,MAIN
0412384216,2,43120,MAIN
0412384216,3,68201,SECO
0412421333,1,25120,MAIN
0412421333,2,43999,MAIN
0412421333,3,46494,SECO
0412421333,4,47591,SECO
0412424895,1,43110,MAIN
0412424895,2,43110,MAIN
0412449938,1,43222,MAIN
0412449938,2,43221,MAIN
0412449938,3,43211,SECO
0412449938,4,47521,SECO
0412452908,1,41203,MAIN
0412452908,2,41201,MAIN
0412452908,3,43110,SECO
0412452908,4,43320,SECO
0412452908,5,43999,SECO
0412458054,1,43320,MAIN
0412458054,2,43320,MAIN
0412548423,1,43222,MAIN
0412548423,2,43222,MAIN
0412548423,3,46742,SECO
0412554955,1,41101,MAIN
0412589104,1,41201,MAIN
0412589104,2,41101,SECO
0412597418,1,43320,MAIN
0412597418,2,41201,MAIN
0412597418,3,46130,SECO
0412605930,1,43999,MAIN
0412605930,2,23610,MAIN
0412618204,1,43999,MAIN
0412618204,2,43999,MAIN
0412618204,3,71121,SECO
0412636911,1,43222,MAIN
0412636911,2,45310,SECO
0412636911,3,46610,SECO
0412636911,4,46769,SECO
0412636911,5,47781,SECO
0412636911,6,68201,SECO
0412661061,1,41101,MAIN
0412661061,2,41102,SECO
0412708472,1,42220,MAIN
0412738958,1,41101,MAIN
0412750044,1,23630,MAIN
0412750044,2,43996,MAIN
0412750044,3,23630,SECO
0412750044,4,43999,SECO
0412783696,1,43211,MAIN
0412783696,2,42220,MAIN
0412783696,3,42110,SECO
0412815271,1,43212,MAIN
0412815271,2,43211,MAIN
0412815271,3,42220,SECO
0412815271,4,43910,SECO
0412820023,1,43320,MAIN
0412820023,2,43320,MAIN
0412822003,1,68311,MAIN
0412822003,2,41101,MAIN
0412822003,3,41201,SECO
0412822003,4,68311,SECO
0412822003,5,71111,SECO
0412830218,1,43211,MAIN
0412830218,2,43211,MAIN
0412862781,1,43222,MAIN
0412862781,2,43222,MAIN
0412862781,3,27510,SECO
0412862781,4,28250,SECO
0412870996,1,43999,MAIN
0412870996,2,42919,MAIN
0412870996,3,01500,SECO
0412870996,4,08122,SECO
0412870996,5,41201,SECO
0412870996,6,42911,SECO
0412870996,7,43999,SECO
0412889507,1,26510,MAIN
0412889507,2,43211,MAIN
0412889507,3,27900,SECO
0412899603,1,47529,MAIN
0412899603,2,43320,MAIN
0412899603,3,45113,SECO
0412909105,1,68321,MAIN
0412909105,2,41101,MAIN
0412917518,1,41201,MAIN
0412917518,2,41201,MAIN
0412917518,3,43320,SECO
0412917518,4,43331,SECO
0412917518,5,43332,SECO
0412917518,6,43910,SECO
0412917518,7,46731,SECO
0412921377,1,41101,MAIN
0412921377,2,01500,SECO
0412930483,1,16230,MAIN
0412930483,2,43332,MAIN
0412930483,3,16230,SECO
0412945034,1,41201,MAIN
0412947608,1,43120,MAIN
0412947608,2,43120,MAIN
0412947608,3,71121,SECO
0412949784,1,41201,MAIN
0412949784,2,46731,SECO
0412965127,1,43222,MAIN
0412965127,2,43222,MAIN
0412965127,3,43221,SECO
0412968293,1,41201,MAIN
0412968293,2,68204,MAIN
0412983933,1,43343,MAIN
0412983933,2,43320,SECO
0412983933,3,47530,SECO
0413041539,1,41201,MAIN
0413041539,2,41101,SECO
0413041539,3,46180,SECO
0413041539,4,71112,SECO
0413059454,1,41201,MAIN
0413059454,2,41101,MAIN
0413070441,1,43120,MAIN
0413070441,2,43120,MAIN
0413070441,3,41101,SECO
0413070441,4,43110,SECO
0413070441,5,49410,SECO
0413071827,1,47789,MAIN
0413071827,2,43332,MAIN
0413071827,3,46731,SECO
0413071827,4,47521,SECO
0413093504,1,43222,MAIN
0413093504,2,43222,MAIN
0413093504,3,47789,SECO
0413125572,1,43999,MAIN
0413125572,2,42220,MAIN
0413125572,3,22220,SECO
0413125572,4,22290,SECO
0413125572,5,24100,SECO
0413125572,6,77320,SECO
0413136460,1,43320,MAIN
0413136460,2,43999,SECO
0413136460,3,46499,SECO
0413136856,1,43222,MAIN
0413136856,2,43222,MAIN
0413136856,3,41201,SECO
0413136856,4,41203,SECO
0413136856,5,68311,SECO
0413136856,6,82990,SECO
0413164966,1,41203,MAIN
0413164966,2,41201,MAIN
0413165560,1,41101,MAIN
0413165560,2,68311,SECO
0413198422,1,43120,MAIN
0413198422,2,01500,MAIN
0413198422,3,43120,SECO
0413198422,4,46216,SECO
0413198422,5,81300,SECO
0413214159,1,43390,MAIN
0413214159,2,43999,MAIN
0413224849,1,41201,MAIN
0413224849,2,41201,MAIN
0413224849,3,68100,SECO
0413252563,1,43222,MAIN
0413252563,2,43222,MAIN
0413255335,1,43211,MAIN
0413255335,2,42220,MAIN
0413268795,1,43331,MAIN
0413268795,2,43331,MAIN
0413280772,1,41102,MAIN
0413280772,2,68322,MAIN
0413352434,1,41202,MAIN
0413352434,2,41201,MAIN
0413387868,1,43222,MAIN
0413387868,2,43211,MAIN
0413387868,3,46431,SECO
0413387868,4,47540,SECO
0413457055,1,41101,MAIN
0413457055,2,41201,SECO
0413457055,3,42110,SECO
0413457055,4,43120,SECO
0413457451,1,42110,MAIN
0413457451,2,42110,MAIN
0413487937,1,43320,MAIN
0413487937,2,43320,MAIN
0413487937,3,43343,SECO
0413516839,1,43910,MAIN
0413516839,2,43291,MAIN
0413516839,3,43910,SECO
0413517136,1,41201,MAIN
0413517136,2,41201,MAIN
0413538912,1,43910,MAIN
0413538912,2,43910,MAIN
0413538912,3,42110,SECO
0413552570,1,41201,MAIN
0413572564,1,43320,MAIN
0413582957,1,27120,MAIN
0413582957,2,43211,MAIN
0413582957,3,25110,SECO
0413582957,4,25501,SECO
0413582957,5,25502,SECO
0413582957,6,43320,SECO
0413595231,1,41101,MAIN
0413599486,1,41201,MAIN
0413607406,1,41201,MAIN
0413607406,2,41201,MAIN
0413630071,1,41201,MAIN
0413630071,2,41201,MAIN
0413662141,1,41101,MAIN
0413662141,2,41201,SECO
0413665903,1,38219,MAIN
0413665903,2,43212,MAIN
0413665903,3,29100,SECO
0413665903,4,38221,SECO
0413665903,5,41201,SECO
0413665903,6,43120,SECO
0413665903,7,66290,SECO
0413695201,1,42130,MAIN
0413695201,2,42130,MAIN
0413696090,1,42110,MAIN
0413696090,2,42110,MAIN
0413696090,3,42919,SECO
0413699951,1,43343,MAIN
0413699951,2,43343,MAIN
0413699951,3,47592,SECO
0413717371,1,41101,MAIN
0413753894,1,41203,MAIN
0413753894,2,41203,MAIN
0413759834,1,42110,MAIN
0413759834,2,42110,MAIN
0413759834,3,42220,SECO
0413759834,4,46731,SECO
0413779828,1,41201,MAIN
0413779828,2,41201,MAIN
0413779828,3,47521,SECO
0413787548,1,43221,MAIN
0413787548,2,43211,SECO
0413787548,3,43222,SECO
0413787548,4,46731,SECO
0413796060,1,41201,MAIN
0413825754,1,42110,MAIN
0413825754,2,42110,MAIN
0413825754,3,49410,SECO
0413835553,1,43320,MAIN
0413836939,1,43211,MAIN
0413836939,2,43211,MAIN
0413860891,1,41201,MAIN
0413888211,1,25110,MAIN
0413888211,2,43999,MAIN
0413888211,3,25110,SECO
0413888211,4,25620,SECO
0413888211,5,46731,SECO
0413901473,1,43320,MAIN
0413901473,2,43320,MAIN
0413901473,3,41201,SECO
0413906324,1,43910,MAIN
0413906324,2,43910,MAIN
0413925427,1,41201,MAIN
0413925427,2,46731,SECO
0413925427,3,47521,SECO
0413951260,1,41203,MAIN
0413951260,2,41203,MAIN
0413951260,3,39000,SECO
0413951260,4,41201,SECO
0413951260,5,81220,SECO
0413970759,1,43221,MAIN
0413970759,2,43221,MAIN
0413973234,1,43320,MAIN
0413973234,2,43320,MAIN
0413988278,1,43999,MAIN
0413988278,2,43999,MAIN
0414011737,1,41203,MAIN
0414011737,2,43320,MAIN
0414011737,3,41101,SECO
0414011737,4,41201,SECO
0414011737,5,43331,SECO
0414016289,1,47591,MAIN
0414016289,2,43333,MAIN
0414016289,3,46150,SECO
0414016289,4,47591,SECO
0414044203,1,41201,MAIN
0414103886,1,43211,MAIN
0414103886,2,27110,SECO
0414103886,3,43211,SECO
0414216823,1,43320,MAIN
0414216823,2,25110,MAIN
0414216823,3,43320,SECO
0414220880,1,70220,MAIN
0414220880,2,41201,MAIN
0414238696,1,41201,MAIN
0414238696,2,41101,MAIN
0414238696,3,41201,SECO
0414240181,1,42919,MAIN
0414240181,2,33150,MAIN
0414272845,1,41203,MAIN
0414272845,2,43291,SECO
0414272845,3,43331,SECO
0414272845,4,43390,SECO
0414272845,5,43999,SECO
0414291354,1,42220,MAIN
0414291354,2,43120,MAIN
0414291354,3,43999,SECO
0414293433,1,41201,MAIN
0414293433,2,77394,MAIN
0414296502,1,43999,MAIN
0414296502,2,43130,MAIN
0414296502,3,43221,SECO
0414296502,4,47592,SECO
0414299074,1,43320,MAIN
0414299074,2,31091,MAIN
0414299074,3,31020,SECO
0414299074,4,43310,SECO
0414299074,5,43910,SECO
0414299074,6,47591,SECO
0414299074,7,49420,SECO
0414303727,1,43341,MAIN
0414303727,2,43333,MAIN
0414308180,1,47521,MAIN
0414308180,2,43320,MAIN
0414308180,3,46442,SECO
0414308180,4,46731,SECO
0414334114,1,41102,MAIN
0414334114,2,68201,SECO
0414334114,3,68203,SECO
0414334114,4,68321,SECO
0414334114,5,68322,SECO
0414334213,1,43211,MAIN
0414343418,1,43320,MAIN
0414343418,2,43320,MAIN
0414343418,3,96031,SECO
0414431510,1,41201,MAIN
0414431510,2,41201,MAIN
0414431510,3,43320,SECO
0414431510,4,68100,SECO
0414435468,1,43222,MAIN
0414451702,1,64200,MAIN
0414451702,2,41102,MAIN
0414451702,3,68322,SECO
0414460412,1,43130,MAIN
0414460412,2,72190,MAIN
0414466548,1,41201,MAIN
0414466548,2,41201,MAIN
0414466548,3,47521,SECO
0414468429,1,43999,MAIN
0414468429,2,42110,MAIN
0414468429,3,43110,SECO
0414468429,4,43120,SECO
0414468429,5,43320,SECO
0414468429,6,43999,SECO
0414502576,1,22230,MAIN
0414502576,2,43320,MAIN
0414502576,3,22230,SECO
0414510593,1,41201,MAIN
0414510593,2,41201,MAIN
0414560677,1,43211,MAIN
0414627884,1,43120,MAIN
0414627884,2,43120,MAIN
0414631052,1,43341,MAIN
0414631052,2,43341,MAIN
0414631052,3,47521,SECO
0414671535,1,43910,MAIN
0414671535,2,43910,MAIN
0414671535,3,43221,SECO
0414671535,4,43222,SECO
0414684403,1,43222,MAIN
0414684403,2,43222,MAIN
0414709444,1,43332,MAIN
0414716669,1,41201,MAIN
0414716669,2,41201,MAIN
0414716669,3,41101,SECO
0414716669,4,41203,SECO
0414735277,1,41101,MAIN
0414735277,2,41101,MAIN
0414735277,3,68311,SECO
0414737554,1,42110,MAIN
0414751115,1,43222,MAIN
0414751115,2,43211,SECO
0414751115,3,43221,SECO
0414789222,1,41201,MAIN
0414789222,2,41201,MAIN
0414795358,1,43320,MAIN
0414795358,2,47521,MAIN
0414795358,3,43320,SECO
0414795358,4,43390,SECO
0414795358,5,43910,SECO
0414807434,1,43320,MAIN
0414807434,2,43320,MAIN
0414807434,3,82990,SECO
0414815055,1,43341,MAIN
0414815055,2,43333,SECO
0414815055,3,43343,SECO
0414815055,4,43390,SECO
0414815055,5,47530,SECO
0414818916,1,43320,MAIN
0414818916,2,41201,MAIN
0414818916,3,43999,SECO
0414829705,1,41102,MAIN
0414857518,1,43999,MAIN
0414857518,2,81100,SECO
0414862961,1,43320,MAIN
0414862961,2,43320,MAIN
0414885133,1,43999,MAIN
0414885133,2,41101,MAIN
0414892358,1,43222,MAIN
0414892358,2,35300,SECO
0414892358,3,41201,SECO
0414892358,4,43291,SECO
0414920072,1,43299,MAIN
0414920072,2,33200,SECO
0414920072,3,43320,SECO
0414920072,4,43996,SECO
0414920072,5,68201,SECO
0414920072,6,71111,SECO
0414933732,1,43320,MAIN
0414933732,2,43310,MAIN
0414964713,1,41101,MAIN
0414977777,1,41203,MAIN
0414977777,2,41201,MAIN
0414977777,3,43120,SECO
0414985893,1,42110,MAIN
0414985893,2,46731,SECO
0414992526,1,43320,MAIN
0414992526,2,43320,MAIN
0414992526,3,41201,SECO
0414992526,4,43332,SECO
0414992526,5,43910,SECO
0414992526,6,47591,SECO
0415003414,1,41201,MAIN
0415003414,2,41201,MAIN
0415035977,1,41201,MAIN
0415037165,1,43343,MAIN
0415037165,2,43343,MAIN
0415037165,3,46731,SECO
0415037165,4,47521,SECO
0415038353,1,43343,MAIN
0415038353,2,68311,MAIN
0415042709,1,42110,MAIN
0415042709,2,42110,MAIN
0415042709,3,23630,SECO
0415042709,4,49410,SECO
0415061515,1,41203,MAIN
0415061515,2,41201,MAIN
0415061515,3,46731,SECO
0415061515,4,68100,SECO
0415135056,1,43320,MAIN
0415135056,2,25120,MAIN
0415135056,3,43343,SECO
0415168314,1,77320,MAIN
0415168314,2,41201,MAIN
0415173361,1,43320,MAIN
0415173361,2,43320,MAIN
0415173361,3,31010,SECO
0415173361,4,31020,SECO
0415188902,1,41102,MAIN
0415188902,2,68201,MAIN
0415235917,1,41101,MAIN
0415238984,1,41201,MAIN
0415254228,1,27120,MAIN
0415254228,2,43211,MAIN
0415255614,1,41101,MAIN
0415256901,1,43120,MAIN
0415256901,2,43110,MAIN
0415256901,3,42110,SECO
0415284813,1,41101,MAIN
0415331630,1,41101,MAIN
0415336974,1,41201,MAIN
0415355186,1,41201,MAIN
0415355186,2,46900,SECO
0415355186,3,47410,SECO
0415355186,4,47910,SECO
0415355186,5,70220,SECO
0415355186,6,73110,SECO
0415486929,1,41203,MAIN
0415486929,2,41201,MAIN
0415486929,3,42130,SECO
0415486929,4,43211,SECO
0415486929,5,43221,SECO
0415486929,6,43331,SECO
0415486929,7,43341,SECO
0415487721,1,41101,MAIN
0415487721,2,41201,SECO
0415487721,3,46731,SECO
0415500488,1,41201,MAIN
0415500488,2,41201,MAIN
0415500488,3,68100,SECO
0415501676,1,43320,MAIN
0415501676,2,43343,SECO
0415521472,1,43211,MAIN
0415521472,2,41101,MAIN
0415521472,3,43999,SECO
0415544337,1,47530,MAIN
0415544337,2,43333,MAIN
0415544337,3,46494,SECO
0415544337,4,47530,SECO
0415547307,1,43320,MAIN
0415547307,2,43320,MAIN
0415547307,3,25501,SECO
0415551859,1,41101,MAIN
0415551859,2,41102,SECO
0415551859,3,68201,SECO
0415551859,4,68203,SECO
0415551859,5,68204,SECO
0415556215,1,46731,MAIN
0415556215,2,43221,MAIN
0415556215,3,46731,SECO
0415566707,1,31010,MAIN
0415566707,2,43299,MAIN
0415571061,1,43320,MAIN
0415571061,2,43320,MAIN
0415598181,1,55900,MAIN
0415598181,2,41201,MAIN
0415600161,1,42110,MAIN
0415600161,2,42110,MAIN
0415607287,1,43211,MAIN
0415607287,2,43211,MAIN
0415617878,1,41101,MAIN
0415623818,1,43320,MAIN
0415623818,2,43320,MAIN
0415623818,3,31091,SECO
0415623818,4,41101,SECO
0415623818,5,41201,SECO
0415623818,6,46731,SECO
0415636090,1,43211,MAIN
0415636090,2,43211,MAIN
0415636090,3,47540,SECO
0415637773,1,43222,MAIN
0415637773,2,43222,MAIN
0415637773,3,43211,SECO
0415637773,4,43291,SECO
0415637773,5,43320,SECO
0415637773,6,43343,SECO
0415637773,7,46742,SECO
0415665685,1,43320,MAIN
0415665685,2,43320,MAIN
0415665685,3,16230,SECO
0415665685,4,31091,SECO
0415668556,1,42110,MAIN
0415668556,2,42110,MAIN
0415699240,1,43211,MAIN
0415699240,2,43211,MAIN
0415699240,3,47521,SECO
0415712108,1,47591,MAIN
0415712108,2,43320,MAIN
0415712108,3,31091,SECO
0415712108,4,46494,SECO
0415721115,1,41101,MAIN
0415763576,1,42220,MAIN
0415763576,2,42110,MAIN
0415763576,3,42220,SECO
0415776939,1,41201,MAIN
0415776939,2,41201,MAIN
0415776939,3,43222,SECO
0415781194,1,42919,MAIN
0415781194,2,42919,MAIN
0415790894,1,41201,MAIN
0415790894,2,41201,MAIN
0415790894,3,41101,SECO
0415790894,4,46731,SECO
0415790894,5,47521,SECO
0415790894,6,68201,SECO
0415792478,1,43310,MAIN
0415796141,1,43343,MAIN
0415796141,2,43343,MAIN
0415796141,3,25120,SECO
0415796141,4,43291,SECO
0415826627,1,43211,MAIN
0415826627,2,43211,MAIN
0415826627,3,42220,SECO
0415874137,1,43320,MAIN
0415874137,2,43320,MAIN
0415874137,3,71112,SECO
0415874533,1,41101,MAIN
0415874533,2,41101,MAIN
0415874533,3,41201,SECO
0415874533,4,41202,SECO
0415874533,5,68311,SECO
0415893933,1,46733,MAIN
0415893933,2,43333,MAIN
0415893933,3,46442,SECO
0415893933,4,46731,SECO
0415897693,1,41201,MAIN
0415897693,2,41202,SECO
0415904623,1,70220,MAIN
0415904623,2,41101,MAIN
0415904623,3,70220,SECO
0415906504,1,41101,MAIN
0415911749,1,41101,MAIN
0415911848,1,41201,MAIN
0415911848,2,41201,MAIN
0415911848,3,41101,SECO
0415915511,1,41201,MAIN
0415927585,1,43341,MAIN
0415927585,2,43341,MAIN
0415927585,3,43320,SECO
0415928278,1,43320,MAIN
0415928278,2,43320,MAIN
0415928278,3,41201,SECO
0415928278,4,43331,SECO
0415928278,5,43910,SECO
0415928278,6,43999,SECO
0415928278,7,45194,SECO
0415953915,1,42911,MAIN
0415953915,2,43120,MAIN
0415953915,3,42110,SECO
0415953915,4,42911,SECO
0415973612,1,41101,MAIN
0416025080,1,43320,MAIN
0416025080,2,47791,MAIN
0416025080,3,43999,SECO
0416042896,1,42110,MAIN
0416042896,2,42110,MAIN
0416042896,3,25110,SECO
0416042896,4,42220,SECO
0416042896,5,43299,SECO
0416042896,6,45201,SECO
0416042896,7,81300,SECO
0416093277,1,25120,MAIN
0416093277,2,43320,MAIN
0416147321,1,46741,MAIN
0416147321,2,43999,MAIN
0416160682,1,41201,MAIN
0416160682,2,73200,SECO
0416168701,1,41101,MAIN
0416168701,2,68201,SECO
0416168701,3,68311,SECO
0417010522,1,42110,MAIN
0417010522,2,42110,MAIN
0417010522,3,45113,SECO
0417010522,4,45193,SECO
0417010522,5,45194,SECO
0417029625,1,41201,MAIN
0417029625,2,43995,MAIN
0417029625,3,43999,SECO
0417047639,1,42110,MAIN
0417047639,2,43999,MAIN
0417047639,3,81300,MAIN
0417053082,1,42110,MAIN
0417053082,2,41203,MAIN
0417053082,3,42110,SECO
0417056250,1,41201,MAIN
0417056250,2,41201,MAIN
0417056250,3,43910,SECO
0417072581,1,42110,MAIN
0417072581,2,42110,MAIN
0417072581,3,41201,SECO
0417074462,1,43995,MAIN
0417074462,2,81210,MAIN
0417074462,3,46442,SECO
0417074462,4,81300,SECO
0417100196,1,41101,MAIN
0417100196,2,41102,SECO
0417100196,3,68100,SECO
0417100196,4,68201,SECO
0417100196,5,68203,SECO
0417100196,6,68311,SECO
0417102374,1,41101,MAIN
0417131474,1,41101,MAIN
0417131474,2,41102,SECO
0417159980,1,43299,MAIN
0417159980,2,28220,MAIN
0417186211,1,41102,MAIN
0417186211,2,68203,MAIN
0417217190,1,43320,MAIN
0417217190,2,41201,SECO
0417235008,1,43320,MAIN
0417235008,2,43320,MAIN
0417270442,1,41101,MAIN
0417288357,1,43291,MAIN
0417288357,2,43291,MAIN
0417288357,3,46731,SECO
0417316665,1,47540,MAIN
0417316665,2,43211,MAIN
0417316665,3,47540,SECO
0417316665,4,61300,SECO
0417316665,5,61900,SECO
0417316665,6,80200,SECO
0417316665,7,95210,SECO
0417329929,1,43320,MAIN
0417329929,2,43320,MAIN
0417336263,1,43222,MAIN
0417336263,2,01610,MAIN
0417336263,3,43221,SECO
0417336263,4,43222,SECO
0417420001,1,43320,MAIN
0417420001,2,71121,SECO
0417421088,1,43320,MAIN
0417421088,2,43320,MAIN
0417435639,1,41201,MAIN
0417435639,2,41201,MAIN
0417469192,1,43996,MAIN
0417469192,2,43999,MAIN
0417469192,3,43211,SECO
0417469192,4,43332,SECO
0417469192,5,43341,SECO
0417494037,1,41203,MAIN
0417494037,2,41201,MAIN
0417514724,1,46731,MAIN
0417514724,2,41201,MAIN
0417514724,3,42130,SECO
0417514724,4,43120,SECO
0417514724,5,43221,SECO
0417514724,6,43299,SECO
0417514724,7,46731,SECO
0417523830,1,47591,MAIN
0417523830,2,43299,MAIN
0417523830,3,43221,SECO
0417523830,4,47591,SECO
0417528283,1,43320,MAIN
0417528283,2,43320,MAIN
0417528283,3,41201,SECO
0417528283,4,43910,SECO
0417528283,5,96031,SECO
0417577773,1,41201,MAIN
0417577773,2,41201,MAIN
0417577773,3,43999,SECO
0417577773,4,46140,SECO
0417577773,5,68100,SECO
0417577773,6,77110,SECO
0417577773,7,77320,SECO
0417596381,1,43910,MAIN
0417611328,1,42220,MAIN
0417644683,1,41201,MAIN
0417644683,2,41201,MAIN
0417648643,1,43211,MAIN
0417648643,2,43211,MAIN
0417648643,3,47521,SECO
0417660818,1,43221,MAIN
0417660818,2,43390,SECO
0417660818,3,43910,SECO
0417696846,1,27120,MAIN
0417696846,2,43211,MAIN
0417727530,1,43320,MAIN
0417727530,2,16230,MAIN
0417727530,3,43320,SECO
0417751185,1,41101,MAIN
0417769003,1,41201,MAIN
0417769003,2,43331,SECO
0417769003,3,49410,SECO
0417774743,1,43910,MAIN
0417774743,2,43221,MAIN
0417774743,3,43331,SECO
0417774743,4,43910,SECO
0417774743,5,43999,SECO
0417803051,1,43320,MAIN
0417803051,2,47591,MAIN
0417803051,3,31020,SECO
0417838980,1,41201,MAIN
0417838980,2,41201,MAIN
0417842247,1,41201,MAIN
0417842247,2,47521,SECO
0417860756,1,41201,MAIN
0417879661,1,43341,MAIN
0417879661,2,43333,MAIN
0417879661,3,43341,SECO
0417879661,4,43390,SECO
0417879661,5,43999,SECO
0417879661,6,68311,SECO
0417879661,7,77320,SECO
0417887084,1,43999,MAIN
0417887084,2,43999,MAIN
0417887084,3,43120,SECO
0417897576,1,41201,MAIN
0417904209,1,25120,MAIN
0417904209,2,43320,MAIN
0417904209,3,25110,SECO
0417906385,1,43211,MAIN
0417906385,2,43211,MAIN
0417906385,3,47789,SECO
0417907771,1,41203,MAIN
0417907771,2,41201,MAIN
0417907771,3,41101,SECO
0417907771,4,42110,SECO
0417918263,1,43299,MAIN
0417918263,2,26300,MAIN
0417918263,3,36000,SECO
0417918263,4,43211,SECO
0417918263,5,47521,SECO
0417923411,1,42212,MAIN
0417923411,2,42219,MAIN
0417923411,3,33120,SECO
0417923411,4,33200,SECO
0417923411,5,42990,SECO
0417923411,6,43299,SECO
0417937267,1,43910,MAIN
0417937267,2,43910,MAIN
0417937267,3,43222,SECO
0417937267,4,43390,SECO
0417937267,5,43999,SECO
0417995170,1,43120,MAIN
0417995170,2,43120,MAIN
0417995170,3,45111,SECO
0417995170,4,45201,SECO
0417995170,5,49410,SECO
0417995170,6,77110,SECO
0418006454,1,43320,MAIN
0418006751,1,41101,MAIN
0418006751,2,01500,SECO
0418006751,3,81300,SECO
0418010216,1,43320,MAIN
0418010216,2,47910,MAIN
0418010216,3,43291,SECO
0418010216,4,43320,SECO
0418010216,5,47192,SECO
0418010216,6,47521,SECO
0418024567,1,43221,MAIN
0418024567,2,43222,MAIN
0418096031,1,25120,MAIN
0418096031,2,43999,MAIN
0418125230,1,41101,MAIN
0418125230,2,68311,MAIN
0418150766,1,43222,MAIN
0418150766,2,43222,MAIN
0418150766,3,43221,SECO
0418162545,1,43999,MAIN
0418162545,2,42919,MAIN
0418162545,3,81300,SECO
0418169077,1,41201,MAIN
0418169077,2,41201,MAIN
0418169077,3,41203,SECO
0418169077,4,42130,SECO
0418169077,5,43299,SECO
0418169077,6,43331,SECO
0418169077,7,43999,SECO
0418172443,1,41203,MAIN
0418204810,1,41201,MAIN
0418210550,1,43221,MAIN
0418210550,2,95290,MAIN
0418221240,1,43320,MAIN
0418221240,2,43320,MAIN
0418243709,1,41201,MAIN
0418243709,2,41201,MAIN
0418266374,1,43222,MAIN
0418381883,1,43222,MAIN
0418384358,1,25999,MAIN
0418384358,2,42220,MAIN
0418384358,3,25999,SECO
0418384358,4,42110,SECO
0418384358,5,42120,SECO
0418384358,6,42130,SECO
0418456218,1,42211,MAIN
0418456218,2,42220,MAIN
0418469084,1,43222,MAIN
0418469084,2,43910,SECO
0418469084,3,47592,SECO
0418472450,1,41102,MAIN
0418472450,2,41101,MAIN
0418472450,3,68100,SECO
0418489573,1,41101,MAIN
0418489573,2,45113,SECO
0418520356,1,25620,MAIN
0418520356,2,43910,MAIN
0418520356,3,25110,SECO
0418520356,4,25620,SECO
0418520356,5,42919,SECO
0418520356,6,43110,SECO
0418520356,7,43130,SECO
0418520356,8,43211,SECO
0418520356,9,43991,SECO
0418547080,1,41101,MAIN
0418547179,1,43331,MAIN
0418547179,2,43331,MAIN
0418547179,3,47521,SECO
0418548268,1,42110,MAIN
0418548268,2,43120,MAIN
0418548268,3,08122,SECO
0418548268,4,43110,SECO
0418548268,5,47521,SECO
0418555097,1,41201,MAIN
0418555097,2,41201,MAIN
0418573113,1,41201,MAIN
0418575487,1,41201,MAIN
0418575487,2,68100,MAIN
0418575487,3,41201,SECO
0418575487,4,43320,SECO
0418575487,5,43390,SECO
0418580833,1,41101,MAIN
0418580833,2,66220,SECO
0418580833,3,68100,SECO
0418580833,4,68311,SECO
0418598451,1,43331,MAIN
0418598451,2,43333,MAIN
0418598451,3,46494,SECO
0418598451,4,47530,SECO
0418619039,1,43222,MAIN
0418619039,2,43222,MAIN
0418622702,1,68321,MAIN
0418622702,2,41101,MAIN
0418635271,1,41201,MAIN
0418635271,2,41201,MAIN
0418635271,3,43110,SECO
0418650515,1,43222,MAIN
0418650515,2,43222,MAIN
0418650515,3,43910,SECO
0418650515,4,47592,SECO
0418650515,5,47781,SECO
0418650515,6,81220,SECO
0418680407,1,41201,MAIN
0418680407,2,41101,MAIN
0418686840,1,55204,MAIN
0418686840,2,41101,MAIN
0418686840,3,02200,SECO
0418702478,1,43320,MAIN
0418702478,2,46660,MAIN
0418702478,3,31010,SECO
0418702478,4,47410,SECO
0418703072,1,43320,MAIN
0418703072,2,43320,MAIN
0418703072,3,41201,SECO
0418732667,1,43222,MAIN
0418732667,2,43222,MAIN
0418751275,1,41201,MAIN
0418751275,2,41101,MAIN
0418851641,1,43910,MAIN
0418851641,2,41201,MAIN
0418851641,3,43221,SECO
0418851641,4,68311,SECO
0418859163,1,42130,MAIN
0418859163,2,43120,MAIN
0418909346,1,25110,MAIN
0418909346,2,43320,MAIN
0418909346,3,43999,SECO
0418909346,4,47522,SECO
0418909346,5,47525,SECO
0418954480,1,25120,MAIN
0418954480,2,43320,MAIN
0418954480,3,43299,SECO
0418972197,1,41203,MAIN
0418972197,2,41201,MAIN
0418972197,3,01450,SECO
0418972197,4,68311,SECO
0418972197,5,71121,SECO
0418972989,1,41203,MAIN
0418972989,2,41201,MAIN
0418972989,3,43120,SECO
0418972989,4,43211,SECO
0418972989,5,43910,SECO
0419049896,1,42110,MAIN
0419049896,2,43110,SECO
0419049896,3,43331,SECO
0419049896,4,68100,SECO
0419062170,1,41101,MAIN
0419072959,1,41101,MAIN
0419091567,1,71121,MAIN
0419091567,2,41201,MAIN
0419099287,1,43320,MAIN
0419099287,2,47591,SECO
0419114828,1,43320,MAIN
0419114828,2,74105,MAIN
0419116412,1,41203,MAIN
0419116412,2,41203,MAIN
0419116412,3,41201,SECO
0419116412,4,43331,SECO
0419116412,5,43910,SECO
0419116412,6,46731,SECO
0419116412,7,47521,SECO
0419127694,1,42120,MAIN
0419127694,2,42120,MAIN
0419127694,3,77110,SECO
0419127892,1,43320,MAIN
0419127892,2,43320,MAIN
0419152341,1,16230,MAIN
0419152341,2,43320,MAIN
0419152341,3,46731,SECO
0419156202,1,41201,MAIN
0419156202,2,41202,SECO
0419156202,3,41203,SECO
0419156202,4,46412,SECO
0419156202,5,68100,SECO
0419156202,6,70220,SECO
0419156202,7,71111,SECO
0419180550,1,43222,MAIN
0419180550,2,43221,SECO
0419180550,3,43299,SECO
0419180550,4,47789,SECO
0419201534,1,43222,MAIN
0419201534,2,33120,MAIN
0419201534,3,43222,SECO
0419225486,1,41201,MAIN
0419225486,2,41201,MAIN
0419225486,3,43221,SECO
0419230535,1,42110,MAIN
0419230535,2,42110,MAIN
0419265474,1,43222,MAIN
0419265474,2,43221,MAIN
0419320310,1,42110,MAIN
0419320310,2,43120,MAIN
0419320310,3,42110,SECO
0419320310,4,42919,SECO
0419320805,1,43910,MAIN
0419326149,1,43999,MAIN
0419351982,1,43320,MAIN
0419351982,2,43320,MAIN
0419351982,3,47591,SECO
0419367325,1,41201,MAIN
0419367325,2,41201,MAIN
0419424733,1,43211,MAIN
0419424733,2,71121,MAIN
0419424733,3,46693,SECO
0419491841,1,43222,MAIN
0419491841,2,43222,MAIN
0419493326,1,43999,MAIN
0419493326,2,25120,MAIN
0419510251,1,43320,MAIN
0419510251,2,25120,MAIN
0419510251,3,22230,SECO
0419510251,4,43320,SECO
0419511043,1,43211,MAIN
0419511043,2,43211,MAIN
0419511043,3,46693,SECO
0419522723,1,43320,MAIN
0419522723,2,43320,MAIN
0419522723,3,68201,SECO
0419596462,1,43999,MAIN
0419596462,2,68100,MAIN
0419627938,1,43331,MAIN
0419627938,2,43331,MAIN
0419657137,1,43320,MAIN
0419685148,1,41201,MAIN
0419703756,1,41201,MAIN
0419703756,2,41201,MAIN
0419703756,3,43390,SECO
0419732757,1,43221,MAIN
0419746714,1,68201,MAIN
0419746714,2,41201,MAIN
0419746714,3,43999,SECO
0419746714,4,43390,SECO
0419746714,5,43320,SECO
0419746714,6,43299,SECO
0419746714,7,43291,SECO
0419746714,8,43221,SECO
0419746714,9,43120,SECO
0419746714,10,81100,SECO
0419765520,1,33200,MAIN
0419765520,2,43222,MAIN
0419774527,1,41201,MAIN
0419774527,2,43320,MAIN
0419774527,3,41201,SECO
0419774527,4,43341,SECO
0419774527,5,43343,SECO
0419784227,1,43331,MAIN
0419784227,2,46731,MAIN
0419784227,3,23610,SECO
0419784227,4,43999,SECO
0419795115,1,25110,MAIN
0419795115,2,43221,MAIN
0419795115,3,43910,SECO
0419795115,4,47521,SECO
0419803924,1,43999,MAIN
0419803924,2,41201,MAIN
0419813624,1,43331,MAIN
0419813624,2,41201,MAIN
0419813624,3,43331,SECO
0419820057,1,43320,MAIN
0419820057,2,43320,MAIN
0419820057,3,31091,SECO
0419820057,4,43332,SECO
0419820057,5,43343,SECO
0419820057,6,43390,SECO
0419820057,7,47521,SECO
0419832430,1,41201,MAIN
0419832430,2,41201,MAIN
0419832430,3,43910,SECO
0419832430,4,47521,SECO
0419832826,1,43320,MAIN
0419832826,2,43320,MAIN
0419844605,1,41201,MAIN
0419844605,2,41201,MAIN
0419876871,1,43222,MAIN
0419876871,2,43222,MAIN
0419877168,1,41203,MAIN
0419877168,2,41201,MAIN
0419877168,3,73110,SECO
0419887264,1,43341,MAIN
0419887264,2,43341,MAIN
0419889640,1,42110,MAIN
0419889640,2,42110,MAIN
0419892808,1,43211,MAIN
0419892808,2,43320,MAIN
0419892808,3,46741,SECO
0419904981,1,43341,MAIN
0419904981,2,43341,MAIN
0419921809,1,41201,MAIN
0419928737,1,16230,MAIN
0419928737,2,43320,MAIN
0419928737,3,16100,SECO
0419931014,1,43222,MAIN
0419931014,2,43222,MAIN
0419955560,1,43320,MAIN
0419955560,2,43310,MAIN
0419955560,3,41201,SECO
0419955560,4,43110,SECO
0419955560,5,47521,SECO
0419962686,1,41201,MAIN
0419962686,2,41201,MAIN
0419962686,3,41203,SECO
0419966250,1,42110,MAIN
0419966250,2,42110,MAIN
0419970804,1,43320,MAIN
0419970804,2,16230,MAIN
0419970804,3,43320,SECO
0419970804,4,46732,SECO
0419985155,1,43341,MAIN
0419985155,2,43333,MAIN
0419989907,1,43222,MAIN
0419999409,1,43910,MAIN
0419999409,2,45192,SECO
0419999409,3,45194,SECO
0419999409,4,45204,SECO
0419999409,5,45310,SECO
0419999805,1,43320,MAIN
0419999805,2,43343,MAIN
0420004654,1,82110,MAIN
0420004654,2,41201,MAIN
0420004654,3,68201,SECO
0420027321,1,43291,MAIN
0420027321,2,77320,MAIN
0420027321,3,28250,SECO
0420027321,4,41201,SECO
0420031081,1,43320,MAIN
0420031081,2,42110,MAIN
0420031081,3,42211,SECO
0420031081,4,42220,SECO
0420031081,5,42911,SECO
0420031081,6,42919,SECO
0420031081,7,42990,SECO
0420057609,1,47592,MAIN
0420057609,2,43341,MAIN
0420057609,3,47512,SECO
0420057609,4,47521,SECO
0420104921,1,43320,MAIN
0420104921,2,43390,MAIN
0420104921,3,43320,SECO
0420104921,4,43332,SECO
0420108681,1,43999,MAIN
0420178561,1,41201,MAIN
0420178561,2,43211,SECO
0420178561,3,43299,SECO
0420178561,4,43320,SECO
0420178561,5,43331,SECO
0420185192,1,41101,MAIN
0420191528,1,42211,MAIN
0420191528,2,42220,MAIN
0420249629,1,43341,MAIN
0420252597,1,41201,MAIN
0420252597,2,41201,MAIN
0420252597,3,42110,SECO
0420252597,4,43331,SECO
0420252597,5,43910,SECO
0420259230,1,43222,MAIN
0420259230,2,68311,SECO
0420259725,1,46694,MAIN
0420259725,2,43299,MAIN
0420300604,1,43999,MAIN
0420300604,2,43120,MAIN
0420333068,1,43222,MAIN
0420333068,2,43222,MAIN
0420333068,3,43211,SECO
0420333068,4,43221,SECO
0420343659,1,43120,MAIN
0420343659,2,01610,MAIN
0420343659,3,42911,SECO
0420348015,1,43211,MAIN
0420348015,2,42110,SECO
0420348015,3,42220,SECO
0420348015,4,43120,SECO
0420348015,5,43130,SECO
0420348015,6,46693,SECO
0420415816,1,41201,MAIN
0420415816,2,43299,MAIN
0420415816,3,43221,SECO
0420415816,4,81220,SECO
0420418883,1,43320,MAIN
0420418883,2,43320,MAIN
0420424526,1,43320,MAIN
0420424526,2,43320,MAIN
0420483221,1,41201,MAIN
0420483221,2,68201,SECO
0420483221,3,71121,SECO
0420483221,4,82110,SECO
0420488169,1,42110,MAIN
0420488169,2,81300,MAIN
0420488169,3,42120,SECO
0420519249,1,47521,MAIN
0420519249,2,43221,MAIN
0420519249,3,43222,SECO
0420519249,4,46731,SECO
0420578340,1,43211,MAIN
0420578340,2,43222,MAIN
0420578340,3,43211,SECO
0420588337,1,31091,MAIN
0420588337,2,43332,MAIN
0420588337,3,16210,SECO
0420588337,4,31091,SECO
0420588337,5,43320,SECO
0420588337,6,47591,SECO
0420588337,7,47789,SECO
0420588337,8,95290,SECO
0420644260,1,43320,MAIN
0420644260,2,43320,MAIN
0420644260,3,41201,SECO
0420644260,4,41202,SECO
0420644260,5,41203,SECO
0420692661,1,43110,MAIN
0420692661,2,43110,MAIN
0420692661,3,49410,SECO
0420759670,1,43910,MAIN
0420759670,2,43910,MAIN
0420759670,3,43221,SECO
0420759670,4,43222,SECO
0420765214,1,43331,MAIN
0420765214,2,43331,MAIN
0420769073,1,43331,MAIN
0420769073,2,43331,MAIN
0420773726,1,42110,MAIN
0420773726,2,42110,MAIN
0420820345,1,13929,MAIN
0420820345,2,43999,MAIN
0420820345,3,22220,SECO
0420820345,4,46498,SECO
0420820345,5,47722,SECO
0420827075,1,43110,MAIN
0420827075,2,41201,SECO
0420832520,1,41102,MAIN
0420832520,2,68203,MAIN
0420836775,1,47781,MAIN
0420836775,2,43222,MAIN
0420836775,3,46742,SECO
0420836775,4,46710,SECO
0420836775,5,45204,SECO
0420836775,6,45203,SECO
0420836775,7,45201,SECO
0420836775,8,45113,SECO
0420836775,9,43291,SECO
0420836775,10,47781,SECO
0420838458,1,41101,MAIN
0420838458,2,41102,MAIN
0420993460,1,41201,MAIN
0421042653,1,43320,MAIN
0421042653,2,43320,MAIN
0421046118,1,81100,MAIN
0421046118,2,43999,MAIN
0421056412,1,43299,MAIN
0421077790,1,43222,MAIN
0421077790,2,43222,MAIN
0421099566,1,41201,MAIN
0421099566,2,41201,MAIN
0421117481,1,16230,MAIN
0421117481,2,43910,MAIN
0421117481,3,16291,SECO
0421117481,4,43291,SECO
0421117481,5,43299,SECO
0421117481,6,43320,SECO
0421117481,7,43343,SECO
0421134705,1,41201,MAIN
0421134705,2,42110,MAIN
0421134705,3,43999,SECO
0421134705,4,47521,SECO
0421154697,1,43222,MAIN
0421154697,2,43222,MAIN
0421167367,1,41201,MAIN
0421167367,2,41201,MAIN
0421188846,1,43211,MAIN
0421188846,2,41203,MAIN
0421188846,3,25110,SECO
0421188846,4,42220,SECO
0421189440,1,43910,MAIN
0421189440,2,43910,MAIN
0421189440,3,43221,SECO
0421205375,1,41201,MAIN
0421205375,2,41201,MAIN
0421205375,3,43390,SECO
0421261003,1,41101,MAIN
0421261003,2,01110,SECO
0421261003,3,01410,SECO
0421261003,4,01420,SECO
0421261003,5,01610,SECO
0421261003,6,01620,SECO
0421261003,7,81300,SECO
0421301880,1,41101,MAIN
0421301880,2,41102,SECO
0421301880,3,64200,SECO
0421301880,4,68100,SECO
0421301880,5,68201,SECO
0421312867,1,47591,MAIN
0421312867,2,43320,MAIN
0421313659,1,66220,MAIN
0421313659,2,41101,MAIN
0421324250,1,43221,MAIN
0421401256,1,47521,MAIN
0421401256,2,43320,MAIN
0421401256,3,46620,SECO
0421413332,1,43341,MAIN
0421413332,2,43341,MAIN
0421421547,1,68201,MAIN
0421421547,2,41101,MAIN
0421452825,1,43222,MAIN
0421452825,2,43222,MAIN
0421455102,1,42110,MAIN
0421455102,2,42110,MAIN
0421455102,3,43320,SECO
0421455102,4,43331,SECO
0421455102,5,43332,SECO
0421455102,6,43910,SECO
0421455102,7,43999,SECO
0421496969,1,43211,MAIN
0421496969,2,43211,MAIN
0421515181,1,46693,MAIN
0421515181,2,43211,MAIN
0421515181,3,27900,SECO
0421515181,4,46620,SECO
0421519933,1,41203,MAIN
0421519933,2,41201,MAIN
0421519933,3,43291,SECO
0421519933,4,43320,SECO
0421519933,5,43331,SECO
0421519933,6,43341,SECO
0421519933,7,43390,SECO
0421523990,1,43320,MAIN
0421523990,2,43299,MAIN
0421550815,1,43331,MAIN
0421550815,2,43996,MAIN
0421550815,3,43333,SECO
0421559723,1,41101,MAIN
0421561505,1,43999,MAIN
0421561505,2,64910,MAIN
0421561505,3,77310,SECO
0421570314,1,41203,MAIN
0421570314,2,70220,MAIN
0421570314,3,41201,SECO
0421570314,4,42130,SECO
0421570314,5,43120,SECO
0421570314,6,68201,SECO
0421570314,7,81100,SECO
0421581893,1,46610,MAIN
0421581893,2,43999,MAIN
0421608124,1,01610,MAIN
0421608124,2,43120,MAIN
0421608124,3,01500,SECO
0421608124,4,01610,SECO
0421608124,5,49410,SECO
0421619309,1,43320,MAIN
0421619309,2,41201,SECO
0421619309,3,43910,SECO
0421707005,1,43999,MAIN
0421707005,2,25110,MAIN
0421759364,1,43320,MAIN
0421759364,2,41201,MAIN
0421759364,3,68100,SECO
0421830135,1,41203,MAIN
0421842211,1,41101,MAIN
0421842211,2,41201,SECO
0421842211,3,68311,SECO
0421855770,1,41201,MAIN
0421855770,2,68201,SECO
0421855770,3,82990,SECO
0421859928,1,41101,MAIN
0421859928,2,68201,MAIN
0421859928,3,41102,SECO
0421879031,1,43320,MAIN
0421879031,2,43320,MAIN
0421948911,1,43211,MAIN
0421948911,2,43211,MAIN
0421948911,3,28299,SECO
0421948911,4,43999,SECO
0421960391,1,43999,MAIN
0421960391,2,43999,MAIN
0421960391,3,43341,SECO
0421960391,4,43390,SECO
0421961480,1,43320,MAIN
0421961480,2,43320,MAIN
0421961480,3,46494,SECO
0421961480,4,47591,SECO
0421968707,1,43341,MAIN
0421968707,2,43341,MAIN
0421968707,3,43332,SECO
0421968707,4,43390,SECO
0421994738,1,43310,MAIN
0421994738,2,43310,MAIN
0422007903,1,43222,MAIN
0422007903,2,43222,MAIN
0422007903,3,43343,SECO
0422007903,4,43999,SECO
0422099854,1,43320,MAIN
0422099854,2,43291,MAIN
0422099854,3,43320,SECO
0422099854,4,43333,SECO
0422099854,5,43341,SECO
0422099854,6,43390,SECO
0422099854,7,46731,SECO
0422139743,1,43211,MAIN
0422139743,2,43211,MAIN
0422139743,3,47789,SECO
0422166863,1,41101,MAIN
0422166863,2,68311,SECO
0422178939,1,43320,MAIN
0422178939,2,41201,MAIN
0422178939,3,41101,SECO
0422195171,1,43320,MAIN
0422202891,1,43320,MAIN
0422202891,2,47591,SECO
0422218630,1,43910,MAIN
0422218630,2,43999,MAIN
0422218630,3,43221,SECO
0422218630,4,43222,SECO
0422218630,5,43910,SECO
0422218630,6,68311,SECO
0422303257,1,41201,MAIN
0422303257,2,41201,MAIN
0422303257,3,42110,SECO
0422303257,4,43320,SECO
0422303257,5,43332,SECO
0422314937,1,41201,MAIN
0422314937,2,68311,SECO
0422317016,1,41203,MAIN
0422317016,2,42110,MAIN
0422317016,3,41201,SECO
0422317016,4,68100,SECO
0422373137,1,43211,MAIN
0422373137,2,43211,MAIN
0422373137,3,28110,SECO
0422373137,4,28120,SECO
0422373137,5,47540,SECO
0422373137,6,47592,SECO
0422373137,7,95210,SECO
0422391349,1,43211,MAIN
0422391349,2,43211,MAIN
0422391547,1,42220,MAIN
0422450539,1,25110,MAIN
0422450539,2,43320,MAIN
0422450539,3,25110,SECO
0422450539,4,41203,SECO
0422450539,5,43299,SECO
0422454596,1,43130,MAIN
0422454596,2,46900,MAIN
0422454596,3,46699,SECO
0422457665,1,43910,MAIN
0422457665,2,43291,MAIN
0422457665,3,41201,SECO
0422457665,4,43222,SECO
0422483302,1,43211,MAIN
0422483302,2,43211,MAIN
0422483302,3,47540,SECO
0422483302,4,95210,SECO
0422516657,1,43221,MAIN
0422516657,2,43910,SECO
0422525466,1,42130,MAIN
0422525466,2,41201,MAIN
0422525466,3,41203,SECO
0422525466,4,43110,SECO
0422525466,5,46620,SECO
0422525466,6,71121,SECO
0422525466,7,77310,SECO
0422525466,8,77320,SECO
0422548727,1,42110,MAIN
0422548727,2,43110,MAIN
0422548727,3,42110,SECO
0422548727,4,42130,SECO
0422548727,5,43120,SECO
0422548727,6,43999,SECO
0422555754,1,43999,MAIN
0422555754,2,43999,MAIN
0422555754,3,47640,SECO
0422555754,4,70220,SECO
0422555754,5,77210,SECO
0422564662,1,41201,MAIN
0422564662,2,68100,SECO
0422568325,1,43320,MAIN
0422595049,1,43211,MAIN
0422625733,1,41201,MAIN
0422625733,2,43999,MAIN
0422625733,3,47650,SECO
0422625733,4,47788,SECO
0422646420,1,41201,MAIN
0422646420,2,42110,SECO
0422660375,1,43910,MAIN
0422660375,2,43995,MAIN
0422661563,1,43320,MAIN
0422661563,2,43332,MAIN
0422664929,1,43999,MAIN
0422664929,2,41201,MAIN
0422664929,3,43390,SECO
0422672550,1,43910,MAIN
0422672550,2,43221,MAIN
0422672550,3,41201,SECO
0422672550,4,43291,SECO
0422672550,5,43910,SECO
0422672748,1,43222,MAIN
0422672748,2,43222,MAIN
0422740252,1,23630,MAIN
0422740252,2,43999,MAIN
0422746685,1,28220,MAIN
0422746685,2,43299,MAIN
0422748071,1,43320,MAIN
0422748071,2,46732,MAIN
0422748071,3,43320,SECO
0422748071,4,46130,SECO
0422748071,5,47521,SECO
0422807558,1,41101,MAIN
0422807558,2,69202,SECO
0422829928,1,41201,MAIN
0422834777,1,41101,MAIN
0422844972,1,42120,MAIN
0422844972,2,42120,MAIN
0422844972,3,42110,SECO
0422878131,1,25999,MAIN
0422878131,2,43222,MAIN
0422878131,3,26200,SECO
0422878131,4,46660,SECO
0422878131,5,62090,SECO
0422881396,1,43331,MAIN
0422899115,1,43222,MAIN
0422899115,2,43222,MAIN
0422899115,3,95290,SECO
0422971567,1,28250,MAIN
0422971567,2,43222,MAIN
0422971567,3,41101,SECO
0422971567,4,46742,SECO
0422971567,5,71111,SECO
0422971765,1,43320,MAIN
0422971765,2,43320,MAIN
0422971765,3,41201,SECO
0422971765,4,43211,SECO
0422971765,5,43291,SECO
0423234655,1,41201,MAIN
0423234655,2,43211,MAIN
0423234655,3,41201,SECO
0423234655,4,43120,SECO
0423234655,5,43222,SECO
0423234655,6,43999,SECO
0423257916,1,43211,MAIN
0423257916,2,43211,MAIN
0423257916,3,62090,SECO
0423257916,4,82110,SECO
0423264646,1,43995,MAIN
0423264646,2,41201,MAIN
0423278504,1,70220,MAIN
0423278504,2,43320,MAIN
0423331853,1,41201,MAIN
0423331853,2,43390,MAIN
0423343236,1,43320,MAIN
0423343236,2,43343,MAIN
0423343236,3,47789,SECO
0423359567,1,41201,MAIN
0423359567,2,43331,SECO
0423384412,1,42990,MAIN
0423384412,2,42220,MAIN
0423384412,3,42211,SECO
0423384412,4,43120,SECO
0423384412,5,43211,SECO
0423397674,1,43221,MAIN
0423397674,2,43221,MAIN
0423408463,1,43211,MAIN
0423408463,2,43211,MAIN
0423418955,1,41101,MAIN
0423418955,2,41102,SECO
0423418955,3,47730,SECO
0423418955,4,47740,SECO
0423464386,1,42911,MAIN
0423464386,2,52220,MAIN
0423464980,1,41201,MAIN
0423464980,2,43310,MAIN
0423464980,3,43331,SECO
0423476462,1,41101,MAIN
0423476462,2,68100,MAIN
0423476462,3,68201,SECO
0423476462,4,68202,SECO
0423476462,5,68203,SECO
0423476462,6,70210,SECO
0423476462,7,70220,SECO
0423664425,1,49410,MAIN
0423664425,2,41201,MAIN
0423664425,3,41102,SECO
0423664425,4,43999,SECO
0423664425,5,68100,SECO
0423668977,1,43320,MAIN
0423668977,2,43999,MAIN
0423691941,1,41101,MAIN
0423710351,1,28250,MAIN
0423710351,2,43222,MAIN
0423710351,3,47540,SECO
0423710351,4,95210,SECO
0423735590,1,41201,MAIN
0423735590,2,41201,MAIN
0423737867,1,41201,MAIN
0423737867,2,42110,MAIN
0423737867,3,41201,SECO
0423750537,1,41101,MAIN
0423750537,2,41102,SECO
0423750537,3,68201,SECO
0423758455,1,43320,MAIN
0423758455,2,43320,MAIN
0423760930,1,27120,MAIN
0423760930,2,43211,MAIN
0423760930,3,47540,SECO
0423784882,1,42110,MAIN
0423784882,2,42110,MAIN
0423796265,1,41201,MAIN
0423796265,2,41201,MAIN
0423806163,1,43211,MAIN
0423806163,2,43211,MAIN
0423900589,1,43221,MAIN
0423900589,2,43999,MAIN
0423900589,3,41201,SECO
0423933748,1,16230,MAIN
0423933748,2,43390,MAIN
0423958294,1,27520,MAIN
0423958294,2,43993,MAIN
0423958294,3,73200,SECO
0423965422,1,43211,MAIN
0423965422,2,35110,MAIN
0423965422,3,27320,SECO
0423965422,4,27402,SECO
0423965422,5,42220,SECO
0423965422,6,43211,SECO
0424101717,1,41101,MAIN
0424101717,2,77320,SECO
0424107259,1,41201,MAIN
0424131807,1,41101,MAIN
0424169815,1,43910,MAIN
0424169815,2,41201,MAIN
0424182483,1,41201,MAIN
0424182483,2,64200,SECO
0424182483,3,68201,SECO
0424182483,4,68203,SECO
0424182483,5,70220,SECO
0424211583,1,43320,MAIN
0424342534,1,41201,MAIN
0424342534,2,41201,MAIN
0424342534,3,41101,SECO
0424343425,1,41101,MAIN
0424349363,1,41201,MAIN
0424400041,1,41101,MAIN
0424400041,2,41102,SECO
0424420035,1,43211,MAIN
0424420035,2,37000,SECO
0424420035,3,41101,SECO
0424420035,4,43212,SECO
0424420035,5,43221,SECO
0424420035,6,43299,SECO
0424420035,7,68100,SECO
0424420035,8,68201,SECO
0424420035,9,68203,SECO
0424457350,1,43390,MAIN
0424457350,2,68203,SECO
0424509414,1,41101,MAIN
0424571968,1,43341,MAIN
0424571968,2,43341,MAIN
0424571968,3,43390,SECO
0424573651,1,41201,MAIN
0424593843,1,43211,MAIN
0424593843,2,43211,MAIN
0424593843,3,47540,SECO
0424602058,1,43211,MAIN
0424602058,2,43211,MAIN
0424602058,3,43390,SECO
0424718755,1,43999,MAIN
0424718755,2,43110,MAIN
0424718755,3,41203,SECO
0424724792,1,43320,MAIN
0424724792,2,43320,MAIN
0424737264,1,41203,MAIN
0424737264,2,41203,MAIN
0424737264,3,42110,SECO
0424737264,4,42220,SECO
0424737264,5,43299,SECO
0424737264,6,43999,SECO
0424737264,7,46731,SECO
0424746271,1,41201,MAIN
0424746271,2,41201,MAIN
0424746271,3,22230,SECO
0424746271,4,68311,SECO
0424760327,1,41201,MAIN
0424813973,1,43341,MAIN
0424813973,2,43341,MAIN
0424813973,3,43310,SECO
0424813973,4,46442,SECO
0424813973,5,46494,SECO
0424813973,6,47530,SECO
0424813973,7,47784,SECO
0424842083,1,43299,MAIN
0424842083,2,43390,MAIN
0424842083,3,47990,SECO
0424850991,1,43991,MAIN
0424850991,2,43291,MAIN
0424856733,1,43999,MAIN
0424856733,2,43390,MAIN
0424856733,3,41201,SECO
0424876232,1,43331,MAIN
0424876232,2,46731,MAIN
0424882269,1,43910,MAIN
0424882269,2,43991,MAIN
0424890880,1,43211,MAIN
0424890880,2,47540,SECO
0424896028,1,46460,MAIN
0424896028,2,43211,MAIN
0424896028,3,46392,SECO
0424896028,4,47540,SECO
0424903055,1,41201,MAIN
0424903055,2,46731,SECO
0424903055,3,47521,SECO
0424903055,4,68201,SECO
0424905926,1,41201,MAIN
0424905926,2,41201,MAIN
0424905926,3,43999,SECO
0424912359,1,43320,MAIN
0424912359,2,43320,MAIN
0424912359,3,43299,SECO
0424912359,4,43331,SECO
0424912359,5,43343,SECO
0424939281,1,41201,MAIN
0424939281,2,41201,MAIN
0424954129,1,42110,MAIN
0424954129,2,42110,MAIN
0424954129,3,43120,SECO
0424954129,4,43310,SECO
0424954129,5,43320,SECO
0424954129,6,43910,SECO
0424954129,7,43999,SECO
0424986296,1,43341,MAIN
0424986296,2,68100,SECO
0424986296,3,68203,SECO
0424986296,4,77299,SECO
0424986296,5,82110,SECO
0424998768,1,43999,MAIN
0424998768,2,43999,MAIN
0425015891,1,28220,MAIN
0425015891,2,43999,MAIN
0425023019,1,43120,MAIN
0425023019,2,68100,SECO
0425040637,1,43222,MAIN
0425041231,1,43211,MAIN
0425041231,2,43211,MAIN
0425041231,3,41101,SECO
0425041231,4,41201,SECO
0425043904,1,43110,MAIN
0425043904,2,49410,SECO
0425058453,1,41101,MAIN
0425058453,2,70220,SECO
0425058453,3,74201,SECO
0425058453,4,77210,SECO
0425061522,1,43320,MAIN
0425061522,2,43320,MAIN
0425085870,1,43999,MAIN
0425085870,2,68201,SECO
0425118831,1,41201,MAIN
0425122987,1,23610,MAIN
0425122987,2,41201,MAIN
0425122987,3,23610,SECO
0425122987,4,43999,SECO
0425122987,5,45113,SECO
0425122987,6,47521,SECO
0425147634,1,41201,MAIN
0425147634,2,68311,SECO
0425152483,1,43910,MAIN
0425152483,2,43910,MAIN
0425152483,3,43291,SECO
0425154067,1,41102,MAIN
0425154067,2,68100,MAIN
0425154067,3,43310,SECO
0425154067,4,43320,SECO
0425154067,5,46231,SECO
0425154067,6,46232,SECO
0425154067,7,68321,SECO
0425167232,1,43222,MAIN
0425167232,2,42110,SECO
0425167232,3,43211,SECO
0425167232,4,43221,SECO
0425167232,5,47750,SECO
0425167232,6,96021,SECO
0425174853,1,43310,MAIN
0425174853,2,43999,MAIN
0425174853,3,43310,SECO
0425187127,1,41201,MAIN
0425206131,1,43341,MAIN
0425206131,2,43333,SECO
0425206131,3,45113,SECO
0425206131,4,47521,SECO
0425206131,5,47530,SECO
0425207022,1,41201,MAIN
0425207022,2,43999,MAIN
0425219690,1,41201,MAIN
0425219690,2,43320,SECO
0425219690,3,43332,SECO
0425229093,1,42110,MAIN
0425229093,2,42110,MAIN
0425229093,3,41201,SECO
0425229093,4,49410,SECO
0425229093,5,52210,SECO
0425229093,6,69202,SECO
0425236617,1,46699,MAIN
0425236617,2,43299,MAIN
0425241862,1,43222,MAIN
0425241862,2,43222,MAIN
0425242852,1,41101,MAIN
0425242852,2,68100,SECO
0425242852,3,68201,SECO
0425242852,4,68203,SECO
0425243248,1,41101,MAIN
0425243248,2,68311,SECO
0425256215,1,43299,MAIN
0425256215,2,28250,SECO
0425282246,1,43320,MAIN
0425282246,2,43999,MAIN
0425342624,1,41202,MAIN
0425342624,2,41101,MAIN
0425342624,3,43910,MAIN
0425342624,4,64910,SECO
0425342624,5,42220,SECO
0425342624,6,42110,SECO
0425342624,7,38323,SECO
0425342624,8,32990,SECO
0425342624,9,25501,SECO
0425342624,10,77330,SECO
0425353908,1,43211,MAIN
0425353908,2,43211,MAIN
0425359549,1,41201,MAIN
0425359549,2,43999,SECO
0425371724,1,43999,MAIN
0425371724,2,43993,MAIN
0425385283,1,43320,MAIN
0425385283,2,43999,MAIN
0425385283,3,43291,SECO
0425385283,4,43343,SECO
0425385283,5,46494,SECO
0425385283,6,47591,SECO
0425385283,7,47592,SECO
0425410029,1,43390,MAIN
0425410029,2,42110,MAIN
0425410029,3,43221,SECO
0425474563,1,41101,MAIN
0425474563,2,68311,MAIN
0425474563,3,41101,SECO
0425474563,4,41201,SECO
0425497824,1,41201,MAIN
0425498814,1,43999,MAIN
0425498814,2,43299,MAIN
0425504257,1,43320,MAIN
0425504257,2,43320,MAIN
0425540384,1,43320,MAIN
0425540384,2,43320,MAIN
0425540384,3,41201,SECO
0425547512,1,43999,MAIN
0425547512,2,43120,MAIN
0425547512,3,23630,SECO
0425547512,4,36000,SECO
0425547512,5,41201,SECO
0425547512,6,42110,SECO
0425547512,7,42220,SECO
0425561665,1,41201,MAIN
0425561665,2,41201,MAIN
0425561665,3,41101,SECO
0425561665,4,41102,SECO
0425639859,1,41101,MAIN
0425639859,2,41201,SECO
0425644017,1,41101,MAIN
0425644017,2,68311,SECO
0425646490,1,41101,MAIN
0425646490,2,45113,SECO
0425646490,3,47770,SECO
0425646490,4,64200,SECO
0425646490,5,68311,SECO
0425646490,6,71122,SECO
0425693012,1,43221,MAIN
0425693012,2,43320,SECO
0425693012,3,43331,SECO
0425693606,1,25610,MAIN
0425693606,2,43341,MAIN
0425693606,3,68201,SECO
0425693606,4,46741,SECO
0425693606,5,46739,SECO
0425693606,6,46499,SECO
0425693606,7,43910,SECO
0425693606,8,25610,SECO
0425693606,9,25120,SECO
0425693606,10,68203,SECO
0425702910,1,25110,MAIN
0425702910,2,42220,MAIN
0425702910,3,25110,SECO
0425702910,4,43130,SECO
0425702910,5,43211,SECO
0425702910,6,43212,SECO
0425789715,1,41101,MAIN
0425789715,2,68100,SECO
0425789715,3,68201,SECO
0425790309,1,68203,MAIN
0425790309,2,41101,MAIN
0425790309,3,70220,SECO
0425814261,1,41101,MAIN
0425815647,1,33200,MAIN
0425815647,2,43211,MAIN
0425815647,3,33200,SECO
0425815647,4,43222,SECO
0425815647,5,46693,SECO
0425815647,6,62010,SECO
0425815647,7,71121,SECO
0425830295,1,43120,MAIN
0425830295,2,42110,MAIN
0425830295,3,41203,SECO
0425830295,4,42220,SECO
0425830295,5,43110,SECO
0425830295,6,43120,SECO
0425830295,7,43999,SECO
0425852467,1,41101,MAIN
0425998561,1,43910,MAIN
0425998561,2,43221,SECO
0426023901,1,64200,MAIN
0426023901,2,43999,MAIN
0426068639,1,43222,MAIN
0426068639,2,47781,SECO
0426068639,3,47789,SECO
0426091207,1,41101,MAIN
0426100214,1,41201,MAIN
0426100214,2,41201,MAIN
0426100214,3,41101,SECO
0426116842,1,43221,MAIN
0426116842,2,43221,MAIN
0426154454,1,43120,MAIN
0426154454,2,38322,SECO
0426154454,3,43110,SECO
0426154454,4,45113,SECO
0426154454,5,47521,SECO
0426154454,6,49420,SECO
0426221166,1,41201,MAIN
0426221166,2,41201,MAIN
0426221166,3,46731,SECO
0426239279,1,43341,MAIN
0426239279,2,43341,MAIN
0426239279,3,41201,SECO
0426239279,4,43211,SECO
0426239279,5,43291,SECO
0426239279,6,43310,SECO
0426319453,1,68201,MAIN
0426319453,2,41201,MAIN
0426319453,3,43910,SECO
0426319453,4,46731,SECO
0426319453,5,47521,SECO
0426332024,1,47591,MAIN
0426332024,2,43320,MAIN
0426352810,1,43320,MAIN
0426352810,2,43390,MAIN
0426362609,1,68311,MAIN
0426362609,2,41101,MAIN
0426430311,1,41201,MAIN
0426444365,1,43222,MAIN
0426444365,2,43222,MAIN
0426444365,3,43221,SECO
0426449612,1,41201,MAIN
0426449612,2,41201,MAIN
0426452877,1,41201,MAIN
0426452877,2,45113,SECO
0426452877,3,45201,SECO
0426454065,1,43910,MAIN
0426454065,2,43910,MAIN
0426509196,1,41101,MAIN
0426511572,1,41101,MAIN
0426511572,2,41102,SECO
0426511572,3,68311,SECO
0426515037,1,43211,MAIN
0426515037,2,43211,SECO
0426515037,3,47540,SECO
0426515037,4,47592,SECO
0426516225,1,41101,MAIN
0426518304,1,43211,MAIN
0426518304,2,43211,MAIN
0426552550,1,43211,MAIN
0426552550,2,43211,MAIN
0426552550,3,43221,SECO
0426552550,4,43222,SECO
0426552550,5,47540,SECO
0426552550,6,47591,SECO
0426552550,7,47789,SECO
0426552748,1,43320,MAIN
0426552748,2,43910,SECO
0426579967,1,41201,MAIN
0426579967,2,41101,MAIN
0426579967,3,68312,SECO
0426579967,4,68204,SECO
0426579967,5,68203,SECO
0426579967,6,68100,SECO
0426579967,7,43999,SECO
0426579967,8,43291,SECO
0426579967,9,43110,SECO
0426579967,10,42110,SECO
0426579967,11,41201,SECO
0426579967,12,41102,SECO
0426579967,13,71111,SECO
0426588578,1,25110,MAIN
0426588578,2,41201,MAIN
0426588578,3,43999,SECO
0426588578,4,77320,SECO
0426590261,1,43211,MAIN
0426590261,2,43211,MAIN
0426590261,3,47540,SECO
0426598080,1,28250,MAIN
0426598080,2,43222,MAIN
0426598080,3,28250,SECO
0426598080,4,46699,SECO
0426607384,1,43222,MAIN
0426607384,2,43222,MAIN
0426666970,1,41101,MAIN
0426669841,1,41203,MAIN
0426669841,2,41201,MAIN
0426669841,3,02200,SECO
0426669841,4,08111,SECO
0426669841,5,23610,SECO
0426669841,6,46731,SECO
0426725566,1,43320,MAIN
0426725566,2,43320,MAIN
0426734474,1,43221,MAIN
0426734474,2,46731,SECO
0426792377,1,41101,MAIN
0426792377,2,68201,SECO
0426792377,3,82300,SECO
0426792377,4,82990,SECO
0426807225,1,43299,MAIN
0426816133,1,31020,MAIN
0426816133,2,43320,MAIN
0426816133,3,47591,SECO
0426818014,1,42220,MAIN
0426818014,2,41201,MAIN
0426818014,3,42110,SECO
0426823556,1,43320,MAIN
0426823556,2,31091,MAIN
0426823556,3,28230,SECO
0426823556,4,43320,SECO
0426825437,1,43999,MAIN
0426825437,2,68203,SECO
0426869977,1,42110,MAIN
0426869977,2,42110,MAIN
0426869977,3,46731,SECO
0426922140,1,41101,MAIN
0426922140,2,41102,SECO
0426922140,3,68203,SECO
0426922140,4,68204,SECO
0426922140,5,68311,SECO
0426922140,6,68322,SECO
0426955990,1,43120,MAIN
0426972917,1,43320,MAIN
0426972917,2,43320,MAIN
0426978360,1,42110,MAIN
0426978360,2,42110,MAIN
0426978360,3,23630,SECO
0426978360,4,38323,SECO
0426978360,5,46731,SECO
0426993901,1,43910,MAIN
0426993901,2,43910,MAIN
0426993901,3,16230,SECO
0426993901,4,43221,SECO
0427027553,1,27120,MAIN
0427027553,2,43211,MAIN
0427027553,3,71121,SECO
0427051309,1,43331,MAIN
0427051309,2,43999,MAIN
0427100896,1,43320,MAIN
0427100896,2,42110,MAIN
0427100896,3,43320,SECO
0427100896,4,43999,SECO
0427121088,1,42220,MAIN
0427121088,2,43120,MAIN
0427121088,3,41201,SECO
0427121088,4,42220,SECO
0427122969,1,43211,MAIN
0427122969,2,43211,MAIN
0427173350,1,42211,MAIN
0427173350,2,42220,MAIN
0427173350,3,43299,SECO
0427173944,1,42110,MAIN
0427173944,2,42110,MAIN
0427206608,1,41201,MAIN
0427206608,2,41201,MAIN
0427206608,3,45111,SECO
0427206608,4,70220,SECO
0427218682,1,43999,MAIN
0427218682,2,77320,MAIN
0427218682,3,46630,SECO
0427223830,1,41203,MAIN
0427223830,2,41201,MAIN
0427223830,3,41101,SECO
0427229966,1,43211,MAIN
0427238082,1,43211,MAIN
0427238082,2,43211,MAIN
0427275595,1,41201,MAIN
0427275595,2,41201,MAIN
0427275595,3,41101,SECO
0427284406,1,41201,MAIN
0427284406,2,41201,MAIN
0427284406,3,43331,SECO
0427285889,1,41102,MAIN
0427285889,2,68100,MAIN
0427285889,3,33120,SECO
0427285889,4,62010,SECO
0427285889,5,68201,SECO
0427285889,6,71113,SECO
0427285889,7,77291,SECO
0427294502,1,41201,MAIN
0427302321,1,41203,MAIN
0427302321,2,41203,MAIN
0427302321,3,41201,SECO
0427302321,4,41202,SECO
0427303806,1,43999,MAIN
0427320929,1,43222,MAIN
0427320929,2,43222,MAIN
0427320929,3,25290,SECO
0427320929,4,43221,SECO
0427377941,1,41201,MAIN
0427377941,2,41203,MAIN
0427377941,3,43320,SECO
0427390512,1,43910,MAIN
0427390512,2,43910,MAIN
0427390512,3,43120,SECO
0427390512,4,43221,SECO
0427390512,5,43320,SECO
0427390512,6,43390,SECO
0427390512,7,47521,SECO
0427406348,1,41203,MAIN
0427406348,2,68203,SECO
0427414266,1,41101,MAIN
0427414266,2,68311,SECO
0427444554,1,42110,MAIN
0427444554,2,42110,MAIN
0427450492,1,41203,MAIN
0427450492,2,42110,MAIN
0427450492,3,43110,SECO
0427450492,4,43320,SECO
0427450492,5,43910,SECO
0427450492,6,43999,SECO
0427450492,7,46731,SECO
0427460390,1,25300,MAIN
0427460390,2,43222,MAIN
0427460390,3,81220,SECO
0427507506,1,43310,MAIN
0427561053,1,46693,MAIN
0427561053,2,43222,MAIN
0427572139,1,43320,MAIN
0427572139,2,43299,MAIN
0427572139,3,43320,SECO
0427572139,4,43910,SECO
0427628755,1,43222,MAIN
0427628755,2,43221,MAIN
0427649739,1,43999,MAIN
0427649739,2,43910,MAIN
0427649739,3,43999,SECO
0427653501,1,46699,MAIN
0427653501,2,43299,MAIN
0427653501,3,28250,SECO
0427653501,4,28930,SECO
0427653501,5,42220,SECO
0427653501,6,43211,SECO
0427692103,1,43211,MAIN
0427692103,2,43299,MAIN
0427698239,1,41101,MAIN
0427698239,2,68100,SECO
0427702692,1,43995,MAIN
0427702692,2,43299,MAIN
0427759013,1,43320,MAIN
0427759013,2,43320,MAIN
0427759013,3,74104,SECO
0427768515,1,43320,MAIN
0427768515,2,43320,MAIN
0427804048,1,43291,MAIN
0427804048,2,43291,MAIN
0427903424,1,43222,MAIN
0427903424,2,43221,MAIN
0427903424,3,43222,SECO
0427903424,4,47722,SECO
0427912926,1,43299,MAIN
0427912926,2,43222,MAIN
0427948855,1,43999,MAIN
0427948855,2,66300,SECO
0427948855,3,68100,SECO
0427948855,4,68201,SECO
0427948855,5,70220,SECO
0427948855,6,85592,SECO
0427972314,1,46431,MAIN
0427972314,2,43221,MAIN
0427983202,1,43222,MAIN
0427983202,2,43222,MAIN
0427995573,1,41101,MAIN
0427995573,2,41101,MAIN
0427995573,3,68100,SECO
0427995573,4,68201,SECO
0428010124,1,43222,MAIN
0428010124,2,43222,MAIN
0428022297,1,43341,MAIN
0428022297,2,68201,SECO
0428033680,1,41101,MAIN
0428072579,1,43343,MAIN
0428072579,2,43343,MAIN
0428076440,1,41101,MAIN
0428083863,1,43910,MAIN
0428083863,2,43910,MAIN
0428083863,3,43320,SECO
0428086239,1,42110,MAIN
0428086239,2,42110,MAIN
0428086239,3,42130,SECO
0428086239,4,42220,SECO
0428086239,5,43999,SECO
0428086239,6,46731,SECO
0428086239,7,49410,SECO
0428101382,1,41201,MAIN
0428107124,1,31010,MAIN
0428107124,2,43390,MAIN
0428107124,3,43211,SECO
0428144439,1,41201,MAIN
0428144439,2,41201,MAIN
0428147112,1,43211,MAIN
0428147112,2,80200,MAIN
0428147112,3,71209,SECO
0428164829,1,43341,MAIN
0428164829,2,43341,MAIN
0428164829,3,43331,SECO
0428164829,4,43333,SECO
0428178091,1,41101,MAIN
0428178091,2,41101,MAIN
0428178091,3,64200,SECO
0428178091,4,68100,SECO
0428178091,5,68201,SECO
0428178091,6,68203,SECO
0428178091,7,68311,SECO
0428178091,8,70220,SECO
0428178091,9,82990,SECO
0428191850,1,43341,MAIN
0428191850,2,43333,MAIN
0428191850,3,41101,SECO
0428191850,4,43999,SECO
0428191850,5,46731,SECO
0428191850,6,68100,SECO
0428229264,1,41101,MAIN
0428229264,2,41101,MAIN
0428229264,3,43310,SECO
0428229264,4,43320,SECO
0428229264,5,43331,SECO
0428229264,6,45113,SECO
0428229264,7,71112,SECO
0428249555,1,43211,MAIN
0428249555,2,43211,MAIN
0428267074,1,42110,MAIN
0428267074,2,46739,MAIN
0428267074,3,68100,SECO
0428267074,4,70220,SECO
0428280437,1,43222,MAIN
0428280437,2,28250,MAIN
0428280437,3,47540,SECO
0428306468,1,43110,MAIN
0428306468,2,43120,SECO
0428306468,3,47521,SECO
0428322207,1,16292,MAIN
0428322207,2,43291,MAIN
0428344872,1,43211,MAIN
0428344872,2,43211,MAIN
0428344872,3,26300,SECO
0428344872,4,27110,SECO
0428344872,5,33140,SECO
0428360710,1,41201,MAIN
0428360710,2,41201,MAIN
0428360710,3,32990,SECO
0428360710,4,42110,SECO
0428360710,5,46731,SECO
0428360710,6,47591,SECO
0428360710,7,68100,SECO
0428369024,1,41201,MAIN
0428369024,2,41201,MAIN
0428369024,3,47521,SECO
0428371992,1,43211,MAIN
0428371992,2,47592,SECO
0428371992,3,77292,SECO
0428372388,1,43999,MAIN
0428372388,2,43999,MAIN
0428416039,1,43910,MAIN
0428416039,2,43291,MAIN
0428429501,1,41201,MAIN
0428429501,2,81290,SECO
0428469289,1,43222,MAIN
0428469289,2,71121,MAIN
0428484335,1,41201,MAIN
0428484335,2,41203,SECO
0428484335,3,43910,SECO
0428484335,4,46731,SECO
0428484335,5,47521,SECO
0428496411,1,42110,MAIN
0428496411,2,77120,SECO
0428502745,1,43320,MAIN
0428502745,2,43320,MAIN
0428502745,3,43310,SECO
0428539664,1,25120,MAIN
0428539664,2,43999,MAIN
0428539664,3,46620,SECO
0428539664,4,46741,SECO
0428539664,5,47521,SECO
0428545505,1,43331,MAIN
0428545505,2,43331,MAIN
0428552136,1,42110,MAIN
0428552136,2,42110,MAIN
0428552136,3,41201,SECO
0428572823,1,41201,MAIN
0428572823,2,41201,MAIN
0428577177,1,43299,MAIN
0428577177,2,43211,MAIN
0428583414,1,41203,MAIN
0428583414,2,41201,MAIN
0428583414,3,25110,SECO
0428583414,4,43120,SECO
0428583414,5,43291,SECO
0428596181,1,68322,MAIN
0428596181,2,41101,MAIN
0428596181,3,81300,SECO
0428612118,1,43996,MAIN
0428612118,2,43390,MAIN
0428612118,3,43332,SECO
0428619442,1,41101,MAIN
0428619442,2,68203,SECO
0428629439,1,41101,MAIN
0428629439,2,41102,SECO
0428661806,1,41201,MAIN
0428661806,2,41203,MAIN
0428670912,1,43222,MAIN
0428670912,2,43222,MAIN
0428678335,1,71121,MAIN
0428678335,2,43299,MAIN
0428764546,1,41101,MAIN
0428764546,2,47620,MAIN
0428764546,3,64200,SECO
0428764546,4,68100,SECO
0428764546,5,70210,SECO
0428785629,1,43310,MAIN
0428788993,1,41203,MAIN
0428801861,1,43211,MAIN
0428801861,2,43211,MAIN
0428822746,1,43299,MAIN
0428822746,2,46431,MAIN
0428822746,3,43211,SECO
0428822746,4,46499,SECO
0428827397,1,41201,MAIN
0428827397,2,41201,MAIN
0428837097,1,41201,MAIN
0428837097,2,43910,MAIN
0428843433,1,41201,MAIN
0428843433,2,41201,MAIN
0428917667,1,43222,MAIN
0428917667,2,47593,MAIN
0428917667,3,43211,SECO
0428917667,4,43222,SECO
0428917667,5,43999,SECO
0428917667,6,47521,SECO
0428918360,1,43343,MAIN
0428918360,2,23120,MAIN
0428918360,3,43343,SECO
0429023971,1,28250,MAIN
0429023971,2,43222,MAIN
0429058219,1,43222,MAIN
0429058219,2,43390,SECO
0429058219,3,46742,SECO
0429058219,4,47540,SECO
0429110083,1,43910,MAIN
0429110083,2,41201,MAIN
0429241133,1,43299,MAIN
0429241133,2,28210,SECO
0429248358,1,43211,MAIN
0429248358,2,43211,MAIN
0429248358,3,95210,SECO
0429275478,1,41101,MAIN
0429275478,2,41201,SECO
0429276567,1,41201,MAIN
0429276567,2,41201,MAIN
0429366144,1,39000,MAIN
0429366144,2,43999,MAIN
0429366144,3,47990,SECO
0429366144,4,49410,SECO
0429366144,5,71209,SECO
0429366144,6,77299,SECO
0429366144,7,81220,SECO
0429370302,1,43120,MAIN
0429370302,2,43120,MAIN
0429370302,3,08112,SECO
0429370302,4,38329,SECO
0429370302,5,42110,SECO
0429370302,6,43110,SECO
0429410981,1,41101,MAIN
0429410981,2,25110,SECO
0429410981,3,31091,SECO
0429410981,4,41102,SECO
0429410981,5,41201,SECO
0429410981,6,41202,SECO
0429410981,7,41203,SECO
0429410981,8,47410,SECO
0429410981,9,47591,SECO
0429524017,1,41101,MAIN
0429524017,2,68203,SECO
0429561431,1,41101,MAIN
0429594885,1,43390,MAIN
0429594885,2,43390,MAIN
0429594885,3,43120,SECO
0429608743,1,46772,MAIN
0429608743,2,43110,MAIN
0429608743,3,46772,SECO
0429619631,1,43320,MAIN
0429619631,2,46431,MAIN
0429619631,3,47540,SECO
0429667933,1,42120,MAIN
0429667933,2,42110,MAIN
0429711186,1,41201,MAIN
0429711186,2,41201,MAIN
0429718512,1,41201,MAIN
0429718512,2,41201,MAIN
0429759191,1,41201,MAIN
0429813136,1,42110,MAIN
0429813136,2,42110,MAIN
0429813136,3,68201,SECO
0429813136,4,68203,SECO
0429813136,5,77399,SECO
0429813136,6,78300,SECO
0429847085,1,43211,MAIN
0429847085,2,42220,MAIN
0429847085,3,42110,SECO
0429847085,4,43211,SECO
0429847085,5,43999,SECO
0429847085,6,61200,SECO
0429847085,7,71121,SECO
0429867475,1,43320,MAIN
0429867475,2,31020,MAIN
0429867475,3,47591,SECO
0429874997,1,41201,MAIN
0429954379,1,43222,MAIN
0429954379,2,43299,MAIN
0429956953,1,43221,MAIN
0429956953,2,43221,MAIN
0429956953,3,43910,SECO
0429975759,1,41101,MAIN
0429975759,2,52210,SECO
0430013470,1,42220,MAIN
0430013470,2,43999,MAIN
0430013470,3,42220,SECO
0430040194,1,43999,MAIN
0430040194,2,43993,MAIN
0430040194,3,41101,SECO
0430040194,4,41102,SECO
0430040194,5,43331,SECO
0430040194,6,43999,SECO
0430058210,1,43331,MAIN
0430058210,2,22230,MAIN
0430058210,3,43999,SECO
0430058210,4,46130,SECO
0430058210,5,46731,SECO
0430058210,6,81300,SECO
0430077313,1,43320,MAIN
0430077313,2,43320,MAIN
0430108688,1,43221,MAIN
0430108688,2,43211,MAIN
0430110668,1,43320,MAIN
0430110668,2,43320,MAIN
0430110668,3,31091,SECO
0430224296,1,43320,MAIN
0430224296,2,25110,MAIN
0430345349,1,41201,MAIN
0430345349,2,41201,MAIN
0430345349,3,41202,SECO
0430345349,4,41203,SECO
0430345349,5,71111,SECO
0430345349,6,71121,SECO
0430388802,1,43211,MAIN
0430393750,1,41101,MAIN
0430393750,2,68201,SECO
0430431659,1,43120,MAIN
0430431659,2,81300,SECO
0430471053,1,42110,MAIN
0430471053,2,42110,MAIN
0430503321,1,43299,MAIN
0430503321,2,46620,SECO
0430600420,1,43211,MAIN
0430600420,2,43299,MAIN
0430629619,1,41201,MAIN
0430629619,2,43120,SECO
0430629619,3,43310,SECO
0430629619,4,43320,SECO
0430631203,1,41201,MAIN
0430631203,2,41201,MAIN
0430634765,1,43910,MAIN
0430634765,2,41201,MAIN
0430634765,3,43222,SECO
0430634765,4,43310,SECO
0430634765,5,43320,SECO
0430692470,1,43222,MAIN
0430692470,2,43999,MAIN
0430692470,3,47592,SECO
0430692470,4,81220,SECO
0430714246,1,43910,MAIN
0430714246,2,43341,SECO
0430726124,1,42110,MAIN
0430726124,2,42110,MAIN
0430726124,3,43999,SECO
0430726124,4,68100,SECO
0430726124,5,82990,SECO
0430740970,1,43299,MAIN
0430740970,2,43211,MAIN
0430747997,1,47592,MAIN
0430747997,2,42110,MAIN
0430776208,1,42220,MAIN
0430776208,2,28990,MAIN
0430776208,3,43320,SECO
0430792341,1,43222,MAIN
0430792341,2,43211,SECO
0430792341,3,43299,SECO
0430792341,4,43331,SECO
0430792341,5,47650,SECO
0430792341,6,68201,SECO
0430817481,1,43222,MAIN
0430817481,2,43299,MAIN
0430862221,1,43993,MAIN
0430862221,2,43999,MAIN
0430862221,3,41201,SECO
0430862221,4,43222,SECO
0430862221,5,43320,SECO
0430862221,6,43994,SECO
0430871426,1,43910,MAIN
0430871426,2,43910,MAIN
0430896962,1,41101,MAIN
0430896962,2,64200,SECO
0430969416,1,41201,MAIN
0430969416,2,68100,MAIN
0430969416,3,41201,SECO
0431012768,1,43211,MAIN
0431012768,2,43299,MAIN
0431057310,1,42110,MAIN
0431057310,2,42110,MAIN
0431057310,3,46620,SECO
0431057310,4,46739,SECO
0431065525,1,43999,MAIN
0431065525,2,41201,SECO
0431065525,3,43221,SECO
0431065525,4,43320,SECO
0431065525,5,43331,SECO
0431065525,6,43332,SECO
0431091457,1,43221,MAIN
0431096110,1,43222,MAIN
0431096110,2,43222,MAIN
0431096110,3,25120,SECO
0431096110,4,43221,SECO
0431096110,5,68100,SECO
0431156783,1,43222,MAIN
0431156783,2,43221,MAIN
0431168265,1,46731,MAIN
0431168265,2,43320,MAIN
0431216171,1,43222,MAIN
0431216171,2,43222,MAIN
0431216171,3,28250,SECO
0431216171,4,47540,SECO
0431216171,5,95290,SECO
0431236858,1,41201,MAIN
0431236858,2,41201,MAIN
0431424722,1,41201,MAIN
0431424722,2,41201,MAIN
0431424722,3,68201,SECO
0431424821,1,43222,MAIN
0431424821,2,43222,MAIN
0431424821,3,47521,SECO
0431481041,1,43211,MAIN
0431481041,2,43211,MAIN
0431481041,3,47540,SECO
0431481041,4,47789,SECO
0431505092,1,16100,MAIN
0431505092,2,41101,MAIN
0431505092,3,16100,SECO
0431505092,4,41102,SECO
0431505092,5,41201,SECO
0431505092,6,68201,SECO
0431506280,1,43341,MAIN
0431506280,2,43341,MAIN
0431506280,3,43291,SECO
0431506280,4,43332,SECO
0431506280,5,43343,SECO
0431506280,6,43390,SECO
0431597936,1,41102,MAIN
0431599520,1,43222,MAIN
0431599520,2,43222,MAIN
0431599520,3,43999,SECO
0431617336,1,43320,MAIN
0431617336,2,41201,MAIN
0431617336,3,41101,SECO
0431617336,4,43320,SECO
0431733241,1,68203,MAIN
0431733241,2,41102,MAIN
0431733241,3,64200,SECO
0431733241,4,82300,SECO
0431745317,1,43120,MAIN
0431745317,2,68201,SECO
0431745317,3,68311,SECO
0431757787,1,43320,MAIN
0431757787,2,68201,MAIN
0431757787,3,25120,SECO
0431757787,4,56101,SECO
0431757787,5,87302,SECO
0431811435,1,43291,MAIN
0431811435,2,43291,MAIN
0431863202,1,43222,MAIN
0431863202,2,46731,MAIN
0431863202,3,43221,SECO
0431863202,4,43222,SECO
0431863202,5,47592,SECO
0431944661,1,43211,MAIN
0431944661,2,43211,MAIN
0431944661,3,43222,SECO
0431944661,4,43299,SECO
0431944661,5,47789,SECO
0431969506,1,41201,MAIN
0431998111,1,43211,MAIN
0431998111,2,43211,MAIN
